/*
 Navicat Premium Data Transfer

 Source Server         : 个人服务器
 Source Server Type    : MySQL
 Source Server Version : 80025
 Source Host           : 139.224.248.1:3306
 Source Schema         : aison

 Target Server Type    : MySQL
 Target Server Version : 80025
 File Encoding         : 65001

 Date: 05/07/2022 08:25:59
*/

SET NAMES utf8mb4;
SET FOREIGN_KEY_CHECKS = 0;

-- ----------------------------
-- Table structure for ACT_EVT_LOG
-- ----------------------------
DROP TABLE IF EXISTS `ACT_EVT_LOG`;
CREATE TABLE `ACT_EVT_LOG`  (
  `LOG_NR_` bigint(0) NOT NULL AUTO_INCREMENT,
  `TYPE_` varchar(64) CHARACTER SET utf8 COLLATE utf8_bin NULL DEFAULT NULL,
  `PROC_DEF_ID_` varchar(64) CHARACTER SET utf8 COLLATE utf8_bin NULL DEFAULT NULL,
  `PROC_INST_ID_` varchar(64) CHARACTER SET utf8 COLLATE utf8_bin NULL DEFAULT NULL,
  `EXECUTION_ID_` varchar(64) CHARACTER SET utf8 COLLATE utf8_bin NULL DEFAULT NULL,
  `TASK_ID_` varchar(64) CHARACTER SET utf8 COLLATE utf8_bin NULL DEFAULT NULL,
  `TIME_STAMP_` timestamp(3) NOT NULL,
  `USER_ID_` varchar(255) CHARACTER SET utf8 COLLATE utf8_bin NULL DEFAULT NULL,
  `DATA_` longblob NULL,
  `LOCK_OWNER_` varchar(255) CHARACTER SET utf8 COLLATE utf8_bin NULL DEFAULT NULL,
  `LOCK_TIME_` timestamp(3) NULL DEFAULT NULL,
  `IS_PROCESSED_` tinyint(0) NULL DEFAULT 0,
  PRIMARY KEY (`LOG_NR_`) USING BTREE
) ENGINE = InnoDB CHARACTER SET = utf8 COLLATE = utf8_bin ROW_FORMAT = Dynamic;

-- ----------------------------
-- Table structure for ACT_GE_BYTEARRAY
-- ----------------------------
DROP TABLE IF EXISTS `ACT_GE_BYTEARRAY`;
CREATE TABLE `ACT_GE_BYTEARRAY`  (
  `ID_` varchar(64) CHARACTER SET utf8 COLLATE utf8_bin NOT NULL,
  `REV_` int(0) NULL DEFAULT NULL,
  `NAME_` varchar(255) CHARACTER SET utf8 COLLATE utf8_bin NULL DEFAULT NULL,
  `DEPLOYMENT_ID_` varchar(64) CHARACTER SET utf8 COLLATE utf8_bin NULL DEFAULT NULL,
  `BYTES_` longblob NULL,
  `GENERATED_` tinyint(0) NULL DEFAULT NULL,
  PRIMARY KEY (`ID_`) USING BTREE
) ENGINE = InnoDB CHARACTER SET = utf8 COLLATE = utf8_bin ROW_FORMAT = Dynamic;

-- ----------------------------
-- Table structure for ACT_GE_PROPERTY
-- ----------------------------
DROP TABLE IF EXISTS `ACT_GE_PROPERTY`;
CREATE TABLE `ACT_GE_PROPERTY`  (
  `NAME_` varchar(64) CHARACTER SET utf8 COLLATE utf8_bin NOT NULL,
  `VALUE_` varchar(300) CHARACTER SET utf8 COLLATE utf8_bin NULL DEFAULT NULL,
  `REV_` int(0) NULL DEFAULT NULL,
  PRIMARY KEY (`NAME_`) USING BTREE
) ENGINE = InnoDB CHARACTER SET = utf8 COLLATE = utf8_bin ROW_FORMAT = Dynamic;

-- ----------------------------
-- Records of ACT_GE_PROPERTY
-- ----------------------------
INSERT INTO `ACT_GE_PROPERTY` VALUES ('next.dbid', '1', 1);
INSERT INTO `ACT_GE_PROPERTY` VALUES ('schema.history', 'create(6.0.0.4)', 1);
INSERT INTO `ACT_GE_PROPERTY` VALUES ('schema.version', '6.0.0.4', 1);

-- ----------------------------
-- Table structure for ACT_PROCDEF_INFO
-- ----------------------------
DROP TABLE IF EXISTS `ACT_PROCDEF_INFO`;
CREATE TABLE `ACT_PROCDEF_INFO`  (
  `ID_` varchar(64) CHARACTER SET utf8 COLLATE utf8_bin NOT NULL,
  `PROC_DEF_ID_` varchar(64) CHARACTER SET utf8 COLLATE utf8_bin NOT NULL,
  `REV_` int(0) NULL DEFAULT NULL,
  `INFO_JSON_ID_` varchar(64) CHARACTER SET utf8 COLLATE utf8_bin NULL DEFAULT NULL,
  PRIMARY KEY (`ID_`) USING BTREE,
  UNIQUE INDEX `ACT_UNIQ_INFO_PROCDEF`(`PROC_DEF_ID_`) USING BTREE,
  INDEX `ACT_IDX_INFO_PROCDEF`(`PROC_DEF_ID_`) USING BTREE
) ENGINE = InnoDB CHARACTER SET = utf8 COLLATE = utf8_bin ROW_FORMAT = Dynamic;

-- ----------------------------
-- Table structure for ACT_RE_DEPLOYMENT
-- ----------------------------
DROP TABLE IF EXISTS `ACT_RE_DEPLOYMENT`;
CREATE TABLE `ACT_RE_DEPLOYMENT`  (
  `ID_` varchar(64) CHARACTER SET utf8 COLLATE utf8_bin NOT NULL,
  `NAME_` varchar(255) CHARACTER SET utf8 COLLATE utf8_bin NULL DEFAULT NULL,
  `CATEGORY_` varchar(255) CHARACTER SET utf8 COLLATE utf8_bin NULL DEFAULT NULL,
  `KEY_` varchar(255) CHARACTER SET utf8 COLLATE utf8_bin NULL DEFAULT NULL,
  `TENANT_ID_` varchar(255) CHARACTER SET utf8 COLLATE utf8_bin NULL DEFAULT '',
  `DEPLOY_TIME_` timestamp(3) NULL DEFAULT NULL,
  `ENGINE_VERSION_` varchar(255) CHARACTER SET utf8 COLLATE utf8_bin NULL DEFAULT NULL,
  PRIMARY KEY (`ID_`) USING BTREE
) ENGINE = InnoDB CHARACTER SET = utf8 COLLATE = utf8_bin ROW_FORMAT = Dynamic;

-- ----------------------------
-- Table structure for ACT_RE_MODEL
-- ----------------------------
DROP TABLE IF EXISTS `ACT_RE_MODEL`;
CREATE TABLE `ACT_RE_MODEL`  (
  `ID_` varchar(64) CHARACTER SET utf8 COLLATE utf8_bin NOT NULL,
  `REV_` int(0) NULL DEFAULT NULL,
  `NAME_` varchar(255) CHARACTER SET utf8 COLLATE utf8_bin NULL DEFAULT NULL,
  `KEY_` varchar(255) CHARACTER SET utf8 COLLATE utf8_bin NULL DEFAULT NULL,
  `CATEGORY_` varchar(255) CHARACTER SET utf8 COLLATE utf8_bin NULL DEFAULT NULL,
  `CREATE_TIME_` timestamp(3) NULL DEFAULT NULL,
  `LAST_UPDATE_TIME_` timestamp(3) NULL DEFAULT NULL,
  `VERSION_` int(0) NULL DEFAULT NULL,
  `META_INFO_` varchar(4000) CHARACTER SET utf8 COLLATE utf8_bin NULL DEFAULT NULL,
  `DEPLOYMENT_ID_` varchar(64) CHARACTER SET utf8 COLLATE utf8_bin NULL DEFAULT NULL,
  `EDITOR_SOURCE_VALUE_ID_` varchar(64) CHARACTER SET utf8 COLLATE utf8_bin NULL DEFAULT NULL,
  `EDITOR_SOURCE_EXTRA_VALUE_ID_` varchar(64) CHARACTER SET utf8 COLLATE utf8_bin NULL DEFAULT NULL,
  `TENANT_ID_` varchar(255) CHARACTER SET utf8 COLLATE utf8_bin NULL DEFAULT '',
  PRIMARY KEY (`ID_`) USING BTREE
) ENGINE = InnoDB CHARACTER SET = utf8 COLLATE = utf8_bin ROW_FORMAT = Dynamic;

-- ----------------------------
-- Table structure for ACT_RE_PROCDEF
-- ----------------------------
DROP TABLE IF EXISTS `ACT_RE_PROCDEF`;
CREATE TABLE `ACT_RE_PROCDEF`  (
  `ID_` varchar(64) CHARACTER SET utf8 COLLATE utf8_bin NOT NULL,
  `REV_` int(0) NULL DEFAULT NULL,
  `CATEGORY_` varchar(255) CHARACTER SET utf8 COLLATE utf8_bin NULL DEFAULT NULL,
  `NAME_` varchar(255) CHARACTER SET utf8 COLLATE utf8_bin NULL DEFAULT NULL,
  `KEY_` varchar(255) CHARACTER SET utf8 COLLATE utf8_bin NOT NULL,
  `VERSION_` int(0) NOT NULL,
  `DEPLOYMENT_ID_` varchar(64) CHARACTER SET utf8 COLLATE utf8_bin NULL DEFAULT NULL,
  `RESOURCE_NAME_` varchar(4000) CHARACTER SET utf8 COLLATE utf8_bin NULL DEFAULT NULL,
  `DGRM_RESOURCE_NAME_` varchar(4000) CHARACTER SET utf8 COLLATE utf8_bin NULL DEFAULT NULL,
  `DESCRIPTION_` varchar(4000) CHARACTER SET utf8 COLLATE utf8_bin NULL DEFAULT NULL,
  `HAS_START_FORM_KEY_` tinyint(0) NULL DEFAULT NULL,
  `HAS_GRAPHICAL_NOTATION_` tinyint(0) NULL DEFAULT NULL,
  `SUSPENSION_STATE_` int(0) NULL DEFAULT NULL,
  `TENANT_ID_` varchar(255) CHARACTER SET utf8 COLLATE utf8_bin NULL DEFAULT '',
  `ENGINE_VERSION_` varchar(255) CHARACTER SET utf8 COLLATE utf8_bin NULL DEFAULT NULL,
  PRIMARY KEY (`ID_`) USING BTREE,
  UNIQUE INDEX `ACT_UNIQ_PROCDEF`(`KEY_`, `VERSION_`, `TENANT_ID_`) USING BTREE
) ENGINE = InnoDB CHARACTER SET = utf8 COLLATE = utf8_bin ROW_FORMAT = Dynamic;

-- ----------------------------
-- Table structure for ACT_RU_DEADLETTER_JOB
-- ----------------------------
DROP TABLE IF EXISTS `ACT_RU_DEADLETTER_JOB`;
CREATE TABLE `ACT_RU_DEADLETTER_JOB`  (
  `ID_` varchar(64) CHARACTER SET utf8 COLLATE utf8_bin NOT NULL,
  `REV_` int(0) NULL DEFAULT NULL,
  `TYPE_` varchar(255) CHARACTER SET utf8 COLLATE utf8_bin NOT NULL,
  `EXCLUSIVE_` tinyint(1) NULL DEFAULT NULL,
  `EXECUTION_ID_` varchar(64) CHARACTER SET utf8 COLLATE utf8_bin NULL DEFAULT NULL,
  `PROCESS_INSTANCE_ID_` varchar(64) CHARACTER SET utf8 COLLATE utf8_bin NULL DEFAULT NULL,
  `PROC_DEF_ID_` varchar(64) CHARACTER SET utf8 COLLATE utf8_bin NULL DEFAULT NULL,
  `EXCEPTION_STACK_ID_` varchar(64) CHARACTER SET utf8 COLLATE utf8_bin NULL DEFAULT NULL,
  `EXCEPTION_MSG_` varchar(4000) CHARACTER SET utf8 COLLATE utf8_bin NULL DEFAULT NULL,
  `DUEDATE_` timestamp(3) NULL DEFAULT NULL,
  `REPEAT_` varchar(255) CHARACTER SET utf8 COLLATE utf8_bin NULL DEFAULT NULL,
  `HANDLER_TYPE_` varchar(255) CHARACTER SET utf8 COLLATE utf8_bin NULL DEFAULT NULL,
  `HANDLER_CFG_` varchar(4000) CHARACTER SET utf8 COLLATE utf8_bin NULL DEFAULT NULL,
  `TENANT_ID_` varchar(255) CHARACTER SET utf8 COLLATE utf8_bin NULL DEFAULT '',
  PRIMARY KEY (`ID_`) USING BTREE
) ENGINE = InnoDB CHARACTER SET = utf8 COLLATE = utf8_bin ROW_FORMAT = Dynamic;

-- ----------------------------
-- Table structure for ACT_RU_EVENT_SUBSCR
-- ----------------------------
DROP TABLE IF EXISTS `ACT_RU_EVENT_SUBSCR`;
CREATE TABLE `ACT_RU_EVENT_SUBSCR`  (
  `ID_` varchar(64) CHARACTER SET utf8 COLLATE utf8_bin NOT NULL,
  `REV_` int(0) NULL DEFAULT NULL,
  `EVENT_TYPE_` varchar(255) CHARACTER SET utf8 COLLATE utf8_bin NOT NULL,
  `EVENT_NAME_` varchar(255) CHARACTER SET utf8 COLLATE utf8_bin NULL DEFAULT NULL,
  `EXECUTION_ID_` varchar(64) CHARACTER SET utf8 COLLATE utf8_bin NULL DEFAULT NULL,
  `PROC_INST_ID_` varchar(64) CHARACTER SET utf8 COLLATE utf8_bin NULL DEFAULT NULL,
  `ACTIVITY_ID_` varchar(64) CHARACTER SET utf8 COLLATE utf8_bin NULL DEFAULT NULL,
  `CONFIGURATION_` varchar(255) CHARACTER SET utf8 COLLATE utf8_bin NULL DEFAULT NULL,
  `CREATED_` timestamp(3) NOT NULL DEFAULT CURRENT_TIMESTAMP(3),
  `PROC_DEF_ID_` varchar(64) CHARACTER SET utf8 COLLATE utf8_bin NULL DEFAULT NULL,
  `TENANT_ID_` varchar(255) CHARACTER SET utf8 COLLATE utf8_bin NULL DEFAULT '',
  PRIMARY KEY (`ID_`) USING BTREE,
  INDEX `ACT_IDX_EVENT_SUBSCR_CONFIG_`(`CONFIGURATION_`) USING BTREE
) ENGINE = InnoDB CHARACTER SET = utf8 COLLATE = utf8_bin ROW_FORMAT = Dynamic;

-- ----------------------------
-- Table structure for ACT_RU_EXECUTION
-- ----------------------------
DROP TABLE IF EXISTS `ACT_RU_EXECUTION`;
CREATE TABLE `ACT_RU_EXECUTION`  (
  `ID_` varchar(64) CHARACTER SET utf8 COLLATE utf8_bin NOT NULL,
  `REV_` int(0) NULL DEFAULT NULL,
  `PROC_INST_ID_` varchar(64) CHARACTER SET utf8 COLLATE utf8_bin NULL DEFAULT NULL,
  `BUSINESS_KEY_` varchar(255) CHARACTER SET utf8 COLLATE utf8_bin NULL DEFAULT NULL,
  `PARENT_ID_` varchar(64) CHARACTER SET utf8 COLLATE utf8_bin NULL DEFAULT NULL,
  `PROC_DEF_ID_` varchar(64) CHARACTER SET utf8 COLLATE utf8_bin NULL DEFAULT NULL,
  `SUPER_EXEC_` varchar(64) CHARACTER SET utf8 COLLATE utf8_bin NULL DEFAULT NULL,
  `ROOT_PROC_INST_ID_` varchar(64) CHARACTER SET utf8 COLLATE utf8_bin NULL DEFAULT NULL,
  `ACT_ID_` varchar(255) CHARACTER SET utf8 COLLATE utf8_bin NULL DEFAULT NULL,
  `IS_ACTIVE_` tinyint(0) NULL DEFAULT NULL,
  `IS_CONCURRENT_` tinyint(0) NULL DEFAULT NULL,
  `IS_SCOPE_` tinyint(0) NULL DEFAULT NULL,
  `IS_EVENT_SCOPE_` tinyint(0) NULL DEFAULT NULL,
  `IS_MI_ROOT_` tinyint(0) NULL DEFAULT NULL,
  `SUSPENSION_STATE_` int(0) NULL DEFAULT NULL,
  `CACHED_ENT_STATE_` int(0) NULL DEFAULT NULL,
  `TENANT_ID_` varchar(255) CHARACTER SET utf8 COLLATE utf8_bin NULL DEFAULT '',
  `NAME_` varchar(255) CHARACTER SET utf8 COLLATE utf8_bin NULL DEFAULT NULL,
  `START_TIME_` datetime(3) NULL DEFAULT NULL,
  `START_USER_ID_` varchar(255) CHARACTER SET utf8 COLLATE utf8_bin NULL DEFAULT NULL,
  `LOCK_TIME_` timestamp(3) NULL DEFAULT NULL,
  `IS_COUNT_ENABLED_` tinyint(0) NULL DEFAULT NULL,
  `EVT_SUBSCR_COUNT_` int(0) NULL DEFAULT NULL,
  `TASK_COUNT_` int(0) NULL DEFAULT NULL,
  `JOB_COUNT_` int(0) NULL DEFAULT NULL,
  `TIMER_JOB_COUNT_` int(0) NULL DEFAULT NULL,
  `SUSP_JOB_COUNT_` int(0) NULL DEFAULT NULL,
  `DEADLETTER_JOB_COUNT_` int(0) NULL DEFAULT NULL,
  `VAR_COUNT_` int(0) NULL DEFAULT NULL,
  `ID_LINK_COUNT_` int(0) NULL DEFAULT NULL,
  PRIMARY KEY (`ID_`) USING BTREE,
  INDEX `ACT_IDX_EXEC_BUSKEY`(`BUSINESS_KEY_`) USING BTREE,
  INDEX `ACT_IDC_EXEC_ROOT`(`ROOT_PROC_INST_ID_`) USING BTREE
) ENGINE = InnoDB CHARACTER SET = utf8 COLLATE = utf8_bin ROW_FORMAT = Dynamic;

-- ----------------------------
-- Table structure for ACT_RU_IDENTITYLINK
-- ----------------------------
DROP TABLE IF EXISTS `ACT_RU_IDENTITYLINK`;
CREATE TABLE `ACT_RU_IDENTITYLINK`  (
  `ID_` varchar(64) CHARACTER SET utf8 COLLATE utf8_bin NOT NULL,
  `REV_` int(0) NULL DEFAULT NULL,
  `GROUP_ID_` varchar(255) CHARACTER SET utf8 COLLATE utf8_bin NULL DEFAULT NULL,
  `TYPE_` varchar(255) CHARACTER SET utf8 COLLATE utf8_bin NULL DEFAULT NULL,
  `USER_ID_` varchar(255) CHARACTER SET utf8 COLLATE utf8_bin NULL DEFAULT NULL,
  `TASK_ID_` varchar(64) CHARACTER SET utf8 COLLATE utf8_bin NULL DEFAULT NULL,
  `PROC_INST_ID_` varchar(64) CHARACTER SET utf8 COLLATE utf8_bin NULL DEFAULT NULL,
  `PROC_DEF_ID_` varchar(64) CHARACTER SET utf8 COLLATE utf8_bin NULL DEFAULT NULL,
  PRIMARY KEY (`ID_`) USING BTREE,
  INDEX `ACT_IDX_IDENT_LNK_USER`(`USER_ID_`) USING BTREE,
  INDEX `ACT_IDX_IDENT_LNK_GROUP`(`GROUP_ID_`) USING BTREE,
  INDEX `ACT_IDX_ATHRZ_PROCEDEF`(`PROC_DEF_ID_`) USING BTREE
) ENGINE = InnoDB CHARACTER SET = utf8 COLLATE = utf8_bin ROW_FORMAT = Dynamic;

-- ----------------------------
-- Table structure for ACT_RU_JOB
-- ----------------------------
DROP TABLE IF EXISTS `ACT_RU_JOB`;
CREATE TABLE `ACT_RU_JOB`  (
  `ID_` varchar(64) CHARACTER SET utf8 COLLATE utf8_bin NOT NULL,
  `REV_` int(0) NULL DEFAULT NULL,
  `TYPE_` varchar(255) CHARACTER SET utf8 COLLATE utf8_bin NOT NULL,
  `LOCK_EXP_TIME_` timestamp(3) NULL DEFAULT NULL,
  `LOCK_OWNER_` varchar(255) CHARACTER SET utf8 COLLATE utf8_bin NULL DEFAULT NULL,
  `EXCLUSIVE_` tinyint(1) NULL DEFAULT NULL,
  `EXECUTION_ID_` varchar(64) CHARACTER SET utf8 COLLATE utf8_bin NULL DEFAULT NULL,
  `PROCESS_INSTANCE_ID_` varchar(64) CHARACTER SET utf8 COLLATE utf8_bin NULL DEFAULT NULL,
  `PROC_DEF_ID_` varchar(64) CHARACTER SET utf8 COLLATE utf8_bin NULL DEFAULT NULL,
  `RETRIES_` int(0) NULL DEFAULT NULL,
  `EXCEPTION_STACK_ID_` varchar(64) CHARACTER SET utf8 COLLATE utf8_bin NULL DEFAULT NULL,
  `EXCEPTION_MSG_` varchar(4000) CHARACTER SET utf8 COLLATE utf8_bin NULL DEFAULT NULL,
  `DUEDATE_` timestamp(3) NULL DEFAULT NULL,
  `REPEAT_` varchar(255) CHARACTER SET utf8 COLLATE utf8_bin NULL DEFAULT NULL,
  `HANDLER_TYPE_` varchar(255) CHARACTER SET utf8 COLLATE utf8_bin NULL DEFAULT NULL,
  `HANDLER_CFG_` varchar(4000) CHARACTER SET utf8 COLLATE utf8_bin NULL DEFAULT NULL,
  `TENANT_ID_` varchar(255) CHARACTER SET utf8 COLLATE utf8_bin NULL DEFAULT '',
  PRIMARY KEY (`ID_`) USING BTREE
) ENGINE = InnoDB CHARACTER SET = utf8 COLLATE = utf8_bin ROW_FORMAT = Dynamic;

-- ----------------------------
-- Table structure for ACT_RU_SUSPENDED_JOB
-- ----------------------------
DROP TABLE IF EXISTS `ACT_RU_SUSPENDED_JOB`;
CREATE TABLE `ACT_RU_SUSPENDED_JOB`  (
  `ID_` varchar(64) CHARACTER SET utf8 COLLATE utf8_bin NOT NULL,
  `REV_` int(0) NULL DEFAULT NULL,
  `TYPE_` varchar(255) CHARACTER SET utf8 COLLATE utf8_bin NOT NULL,
  `EXCLUSIVE_` tinyint(1) NULL DEFAULT NULL,
  `EXECUTION_ID_` varchar(64) CHARACTER SET utf8 COLLATE utf8_bin NULL DEFAULT NULL,
  `PROCESS_INSTANCE_ID_` varchar(64) CHARACTER SET utf8 COLLATE utf8_bin NULL DEFAULT NULL,
  `PROC_DEF_ID_` varchar(64) CHARACTER SET utf8 COLLATE utf8_bin NULL DEFAULT NULL,
  `RETRIES_` int(0) NULL DEFAULT NULL,
  `EXCEPTION_STACK_ID_` varchar(64) CHARACTER SET utf8 COLLATE utf8_bin NULL DEFAULT NULL,
  `EXCEPTION_MSG_` varchar(4000) CHARACTER SET utf8 COLLATE utf8_bin NULL DEFAULT NULL,
  `DUEDATE_` timestamp(3) NULL DEFAULT NULL,
  `REPEAT_` varchar(255) CHARACTER SET utf8 COLLATE utf8_bin NULL DEFAULT NULL,
  `HANDLER_TYPE_` varchar(255) CHARACTER SET utf8 COLLATE utf8_bin NULL DEFAULT NULL,
  `HANDLER_CFG_` varchar(4000) CHARACTER SET utf8 COLLATE utf8_bin NULL DEFAULT NULL,
  `TENANT_ID_` varchar(255) CHARACTER SET utf8 COLLATE utf8_bin NULL DEFAULT '',
  PRIMARY KEY (`ID_`) USING BTREE
) ENGINE = InnoDB CHARACTER SET = utf8 COLLATE = utf8_bin ROW_FORMAT = Dynamic;

-- ----------------------------
-- Table structure for ACT_RU_TASK
-- ----------------------------
DROP TABLE IF EXISTS `ACT_RU_TASK`;
CREATE TABLE `ACT_RU_TASK`  (
  `ID_` varchar(64) CHARACTER SET utf8 COLLATE utf8_bin NOT NULL,
  `REV_` int(0) NULL DEFAULT NULL,
  `EXECUTION_ID_` varchar(64) CHARACTER SET utf8 COLLATE utf8_bin NULL DEFAULT NULL,
  `PROC_INST_ID_` varchar(64) CHARACTER SET utf8 COLLATE utf8_bin NULL DEFAULT NULL,
  `PROC_DEF_ID_` varchar(64) CHARACTER SET utf8 COLLATE utf8_bin NULL DEFAULT NULL,
  `NAME_` varchar(255) CHARACTER SET utf8 COLLATE utf8_bin NULL DEFAULT NULL,
  `PARENT_TASK_ID_` varchar(64) CHARACTER SET utf8 COLLATE utf8_bin NULL DEFAULT NULL,
  `DESCRIPTION_` varchar(4000) CHARACTER SET utf8 COLLATE utf8_bin NULL DEFAULT NULL,
  `TASK_DEF_KEY_` varchar(255) CHARACTER SET utf8 COLLATE utf8_bin NULL DEFAULT NULL,
  `OWNER_` varchar(255) CHARACTER SET utf8 COLLATE utf8_bin NULL DEFAULT NULL,
  `ASSIGNEE_` varchar(255) CHARACTER SET utf8 COLLATE utf8_bin NULL DEFAULT NULL,
  `DELEGATION_` varchar(64) CHARACTER SET utf8 COLLATE utf8_bin NULL DEFAULT NULL,
  `PRIORITY_` int(0) NULL DEFAULT NULL,
  `CREATE_TIME_` timestamp(3) NULL DEFAULT NULL,
  `DUE_DATE_` datetime(3) NULL DEFAULT NULL,
  `CATEGORY_` varchar(255) CHARACTER SET utf8 COLLATE utf8_bin NULL DEFAULT NULL,
  `SUSPENSION_STATE_` int(0) NULL DEFAULT NULL,
  `TENANT_ID_` varchar(255) CHARACTER SET utf8 COLLATE utf8_bin NULL DEFAULT '',
  `FORM_KEY_` varchar(255) CHARACTER SET utf8 COLLATE utf8_bin NULL DEFAULT NULL,
  `CLAIM_TIME_` datetime(3) NULL DEFAULT NULL,
  PRIMARY KEY (`ID_`) USING BTREE,
  INDEX `ACT_IDX_TASK_CREATE`(`CREATE_TIME_`) USING BTREE
) ENGINE = InnoDB CHARACTER SET = utf8 COLLATE = utf8_bin ROW_FORMAT = Dynamic;

-- ----------------------------
-- Table structure for ACT_RU_TIMER_JOB
-- ----------------------------
DROP TABLE IF EXISTS `ACT_RU_TIMER_JOB`;
CREATE TABLE `ACT_RU_TIMER_JOB`  (
  `ID_` varchar(64) CHARACTER SET utf8 COLLATE utf8_bin NOT NULL,
  `REV_` int(0) NULL DEFAULT NULL,
  `TYPE_` varchar(255) CHARACTER SET utf8 COLLATE utf8_bin NOT NULL,
  `LOCK_EXP_TIME_` timestamp(3) NULL DEFAULT NULL,
  `LOCK_OWNER_` varchar(255) CHARACTER SET utf8 COLLATE utf8_bin NULL DEFAULT NULL,
  `EXCLUSIVE_` tinyint(1) NULL DEFAULT NULL,
  `EXECUTION_ID_` varchar(64) CHARACTER SET utf8 COLLATE utf8_bin NULL DEFAULT NULL,
  `PROCESS_INSTANCE_ID_` varchar(64) CHARACTER SET utf8 COLLATE utf8_bin NULL DEFAULT NULL,
  `PROC_DEF_ID_` varchar(64) CHARACTER SET utf8 COLLATE utf8_bin NULL DEFAULT NULL,
  `RETRIES_` int(0) NULL DEFAULT NULL,
  `EXCEPTION_STACK_ID_` varchar(64) CHARACTER SET utf8 COLLATE utf8_bin NULL DEFAULT NULL,
  `EXCEPTION_MSG_` varchar(4000) CHARACTER SET utf8 COLLATE utf8_bin NULL DEFAULT NULL,
  `DUEDATE_` timestamp(3) NULL DEFAULT NULL,
  `REPEAT_` varchar(255) CHARACTER SET utf8 COLLATE utf8_bin NULL DEFAULT NULL,
  `HANDLER_TYPE_` varchar(255) CHARACTER SET utf8 COLLATE utf8_bin NULL DEFAULT NULL,
  `HANDLER_CFG_` varchar(4000) CHARACTER SET utf8 COLLATE utf8_bin NULL DEFAULT NULL,
  `TENANT_ID_` varchar(255) CHARACTER SET utf8 COLLATE utf8_bin NULL DEFAULT '',
  PRIMARY KEY (`ID_`) USING BTREE
) ENGINE = InnoDB CHARACTER SET = utf8 COLLATE = utf8_bin ROW_FORMAT = Dynamic;

-- ----------------------------
-- Table structure for ACT_RU_VARIABLE
-- ----------------------------
DROP TABLE IF EXISTS `ACT_RU_VARIABLE`;
CREATE TABLE `ACT_RU_VARIABLE`  (
  `ID_` varchar(64) CHARACTER SET utf8 COLLATE utf8_bin NOT NULL,
  `REV_` int(0) NULL DEFAULT NULL,
  `TYPE_` varchar(255) CHARACTER SET utf8 COLLATE utf8_bin NOT NULL,
  `NAME_` varchar(255) CHARACTER SET utf8 COLLATE utf8_bin NOT NULL,
  `EXECUTION_ID_` varchar(64) CHARACTER SET utf8 COLLATE utf8_bin NULL DEFAULT NULL,
  `PROC_INST_ID_` varchar(64) CHARACTER SET utf8 COLLATE utf8_bin NULL DEFAULT NULL,
  `TASK_ID_` varchar(64) CHARACTER SET utf8 COLLATE utf8_bin NULL DEFAULT NULL,
  `BYTEARRAY_ID_` varchar(64) CHARACTER SET utf8 COLLATE utf8_bin NULL DEFAULT NULL,
  `DOUBLE_` double NULL DEFAULT NULL,
  `LONG_` bigint(0) NULL DEFAULT NULL,
  `TEXT_` varchar(4000) CHARACTER SET utf8 COLLATE utf8_bin NULL DEFAULT NULL,
  `TEXT2_` varchar(4000) CHARACTER SET utf8 COLLATE utf8_bin NULL DEFAULT NULL,
  PRIMARY KEY (`ID_`) USING BTREE,
  INDEX `ACT_IDX_VARIABLE_TASK_ID`(`TASK_ID_`) USING BTREE
) ENGINE = InnoDB CHARACTER SET = utf8 COLLATE = utf8_bin ROW_FORMAT = Dynamic;

-- ----------------------------
-- Table structure for act_evt_log
-- ----------------------------
DROP TABLE IF EXISTS `act_evt_log`;
CREATE TABLE `act_evt_log`  (
  `LOG_NR_` bigint(0) NOT NULL AUTO_INCREMENT,
  `TYPE_` varchar(64) CHARACTER SET utf8 COLLATE utf8_bin NULL DEFAULT NULL,
  `PROC_DEF_ID_` varchar(64) CHARACTER SET utf8 COLLATE utf8_bin NULL DEFAULT NULL,
  `PROC_INST_ID_` varchar(64) CHARACTER SET utf8 COLLATE utf8_bin NULL DEFAULT NULL,
  `EXECUTION_ID_` varchar(64) CHARACTER SET utf8 COLLATE utf8_bin NULL DEFAULT NULL,
  `TASK_ID_` varchar(64) CHARACTER SET utf8 COLLATE utf8_bin NULL DEFAULT NULL,
  `TIME_STAMP_` timestamp(3) NOT NULL,
  `USER_ID_` varchar(255) CHARACTER SET utf8 COLLATE utf8_bin NULL DEFAULT NULL,
  `DATA_` longblob NULL,
  `LOCK_OWNER_` varchar(255) CHARACTER SET utf8 COLLATE utf8_bin NULL DEFAULT NULL,
  `LOCK_TIME_` timestamp(3) NULL DEFAULT NULL,
  `IS_PROCESSED_` tinyint(0) NULL DEFAULT 0,
  PRIMARY KEY (`LOG_NR_`) USING BTREE
) ENGINE = InnoDB CHARACTER SET = utf8 COLLATE = utf8_bin ROW_FORMAT = Dynamic;

-- ----------------------------
-- Table structure for act_ge_bytearray
-- ----------------------------
DROP TABLE IF EXISTS `act_ge_bytearray`;
CREATE TABLE `act_ge_bytearray`  (
  `ID_` varchar(64) CHARACTER SET utf8 COLLATE utf8_bin NOT NULL,
  `REV_` int(0) NULL DEFAULT NULL,
  `NAME_` varchar(255) CHARACTER SET utf8 COLLATE utf8_bin NULL DEFAULT NULL,
  `DEPLOYMENT_ID_` varchar(64) CHARACTER SET utf8 COLLATE utf8_bin NULL DEFAULT NULL,
  `BYTES_` longblob NULL,
  `GENERATED_` tinyint(0) NULL DEFAULT NULL,
  PRIMARY KEY (`ID_`) USING BTREE,
  INDEX `ACT_FK_BYTEARR_DEPL`(`DEPLOYMENT_ID_`) USING BTREE,
  CONSTRAINT `ACT_FK_BYTEARR_DEPL` FOREIGN KEY (`DEPLOYMENT_ID_`) REFERENCES `act_re_deployment` (`ID_`) ON DELETE RESTRICT ON UPDATE RESTRICT
) ENGINE = InnoDB CHARACTER SET = utf8 COLLATE = utf8_bin ROW_FORMAT = Dynamic;

-- ----------------------------
-- Records of act_ge_bytearray
-- ----------------------------
INSERT INTO `act_ge_bytearray` VALUES ('2', 1, 'D:\\doc\\study\\springboot-shelf\\aison-manage\\target\\classes\\processes\\processes2.bpmn', '1', 0x3C3F786D6C2076657273696F6E3D22312E302220656E636F64696E673D225554462D3822207374616E64616C6F6E653D22796573223F3E0D0A3C646566696E6974696F6E7320786D6C6E733D22687474703A2F2F7777772E6F6D672E6F72672F737065632F42504D4E2F32303130303532342F4D4F44454C2220786D6C6E733A61637469766974693D22687474703A2F2F61637469766974692E6F72672F62706D6E2220786D6C6E733A62706D6E64693D22687474703A2F2F7777772E6F6D672E6F72672F737065632F42504D4E2F32303130303532342F44492220786D6C6E733A64633D22687474703A2F2F7777772E6F6D672E6F72672F737065632F44442F32303130303532342F44432220786D6C6E733A64693D22687474703A2F2F7777772E6F6D672E6F72672F737065632F44442F32303130303532342F44492220786D6C6E733A746E733D22687474703A2F2F7777772E61637469766974692E6F72672F746573746D313633343630373738323838372220786D6C6E733A7873643D22687474703A2F2F7777772E77332E6F72672F323030312F584D4C536368656D612220786D6C6E733A7873693D22687474703A2F2F7777772E77332E6F72672F323030312F584D4C536368656D612D696E7374616E6365222065787072657373696F6E4C616E67756167653D22687474703A2F2F7777772E77332E6F72672F313939392F5850617468222069643D226D3136333436303737383238383722206E616D653D2222207461726765744E616D6573706163653D22687474703A2F2F7777772E61637469766974692E6F72672F746573746D313633343630373738323838372220747970654C616E67756167653D22687474703A2F2F7777772E77332E6F72672F323030312F584D4C536368656D61223E0D0A20203C70726F636573732069643D2270726F6365737365733222206973436C6F7365643D2266616C73652220697345786563757461626C653D2274727565222070726F63657373547970653D224E6F6E65223E0D0A202020203C73746172744576656E742069643D225F3222206E616D653D22E5BC80E5A78B222F3E0D0A202020203C757365725461736B2061637469766974693A6578636C75736976653D2274727565222069643D225F3322206E616D653D22E68F90E4BAA4E794B3E8AFB7222F3E0D0A202020203C656E644576656E742069643D225F3422206E616D653D22E7BB93E69D9F222F3E0D0A202020203C757365725461736B2061637469766974693A6578636C75736976653D2274727565222069643D225F3522206E616D653D22E68F90E4BAA4E5AEA1E689B9222F3E0D0A202020203C73657175656E6365466C6F772069643D225F362220736F757263655265663D225F3222207461726765745265663D225F33222F3E0D0A202020203C73657175656E6365466C6F772069643D225F372220736F757263655265663D225F3322207461726765745265663D225F35222F3E0D0A202020203C73657175656E6365466C6F772069643D225F382220736F757263655265663D225F3522207461726765745265663D225F34222F3E0D0A20203C2F70726F636573733E0D0A20203C62706D6E64693A42504D4E4469616772616D20646F63756D656E746174696F6E3D226261636B67726F756E643D233343334634313B636F756E743D313B686F72697A6F6E74616C636F756E743D313B6F7269656E746174696F6E3D303B77696474683D3834322E343B6865696768743D313139352E323B696D61676561626C6557696474683D3833322E343B696D61676561626C654865696768743D313138352E323B696D61676561626C65583D352E303B696D61676561626C65593D352E30222069643D224469616772616D2D5F3122206E616D653D224E6577204469616772616D223E0D0A202020203C62706D6E64693A42504D4E506C616E652062706D6E456C656D656E743D2270726F63657373657332223E0D0A2020202020203C62706D6E64693A42504D4E53686170652062706D6E456C656D656E743D225F32222069643D2253686170652D5F32223E0D0A20202020202020203C64633A426F756E6473206865696768743D2233322E30222077696474683D2233322E302220783D223138352E302220793D2232302E30222F3E0D0A20202020202020203C62706D6E64693A42504D4E4C6162656C3E0D0A202020202020202020203C64633A426F756E6473206865696768743D2233322E30222077696474683D2233322E302220783D22302E302220793D22302E30222F3E0D0A20202020202020203C2F62706D6E64693A42504D4E4C6162656C3E0D0A2020202020203C2F62706D6E64693A42504D4E53686170653E0D0A2020202020203C62706D6E64693A42504D4E53686170652062706D6E456C656D656E743D225F33222069643D2253686170652D5F33223E0D0A20202020202020203C64633A426F756E6473206865696768743D2235352E30222077696474683D2238352E302220783D223136352E302220793D223131302E30222F3E0D0A20202020202020203C62706D6E64693A42504D4E4C6162656C3E0D0A202020202020202020203C64633A426F756E6473206865696768743D2235352E30222077696474683D2238352E302220783D22302E302220793D22302E30222F3E0D0A20202020202020203C2F62706D6E64693A42504D4E4C6162656C3E0D0A2020202020203C2F62706D6E64693A42504D4E53686170653E0D0A2020202020203C62706D6E64693A42504D4E53686170652062706D6E456C656D656E743D225F34222069643D2253686170652D5F34223E0D0A20202020202020203C64633A426F756E6473206865696768743D2233322E30222077696474683D2233322E302220783D223139302E302220793D223330352E30222F3E0D0A20202020202020203C62706D6E64693A42504D4E4C6162656C3E0D0A202020202020202020203C64633A426F756E6473206865696768743D2233322E30222077696474683D2233322E302220783D22302E302220793D22302E30222F3E0D0A20202020202020203C2F62706D6E64693A42504D4E4C6162656C3E0D0A2020202020203C2F62706D6E64693A42504D4E53686170653E0D0A2020202020203C62706D6E64693A42504D4E53686170652062706D6E456C656D656E743D225F35222069643D2253686170652D5F35223E0D0A20202020202020203C64633A426F756E6473206865696768743D2235352E30222077696474683D2238352E302220783D223136352E302220793D223230352E30222F3E0D0A20202020202020203C62706D6E64693A42504D4E4C6162656C3E0D0A202020202020202020203C64633A426F756E6473206865696768743D2235352E30222077696474683D2238352E302220783D22302E302220793D22302E30222F3E0D0A20202020202020203C2F62706D6E64693A42504D4E4C6162656C3E0D0A2020202020203C2F62706D6E64693A42504D4E53686170653E0D0A2020202020203C62706D6E64693A42504D4E456467652062706D6E456C656D656E743D225F36222069643D2242504D4E456467655F5F362220736F75726365456C656D656E743D225F322220746172676574456C656D656E743D225F33223E0D0A20202020202020203C64693A776179706F696E7420783D223230312E302220793D2235322E30222F3E0D0A20202020202020203C64693A776179706F696E7420783D223230312E302220793D223131302E30222F3E0D0A20202020202020203C62706D6E64693A42504D4E4C6162656C3E0D0A202020202020202020203C64633A426F756E6473206865696768743D22302E30222077696474683D22302E302220783D22302E302220793D22302E30222F3E0D0A20202020202020203C2F62706D6E64693A42504D4E4C6162656C3E0D0A2020202020203C2F62706D6E64693A42504D4E456467653E0D0A2020202020203C62706D6E64693A42504D4E456467652062706D6E456C656D656E743D225F37222069643D2242504D4E456467655F5F372220736F75726365456C656D656E743D225F332220746172676574456C656D656E743D225F35223E0D0A20202020202020203C64693A776179706F696E7420783D223230372E352220793D223136352E30222F3E0D0A20202020202020203C64693A776179706F696E7420783D223230372E352220793D223230352E30222F3E0D0A20202020202020203C62706D6E64693A42504D4E4C6162656C3E0D0A202020202020202020203C64633A426F756E6473206865696768743D22302E30222077696474683D22302E302220783D22302E302220793D22302E30222F3E0D0A20202020202020203C2F62706D6E64693A42504D4E4C6162656C3E0D0A2020202020203C2F62706D6E64693A42504D4E456467653E0D0A2020202020203C62706D6E64693A42504D4E456467652062706D6E456C656D656E743D225F38222069643D2242504D4E456467655F5F382220736F75726365456C656D656E743D225F352220746172676574456C656D656E743D225F34223E0D0A20202020202020203C64693A776179706F696E7420783D223230362E302220793D223236302E30222F3E0D0A20202020202020203C64693A776179706F696E7420783D223230362E302220793D223330352E30222F3E0D0A20202020202020203C62706D6E64693A42504D4E4C6162656C3E0D0A202020202020202020203C64633A426F756E6473206865696768743D22302E30222077696474683D22302E302220783D22302E302220793D22302E30222F3E0D0A20202020202020203C2F62706D6E64693A42504D4E4C6162656C3E0D0A2020202020203C2F62706D6E64693A42504D4E456467653E0D0A202020203C2F62706D6E64693A42504D4E506C616E653E0D0A20203C2F62706D6E64693A42504D4E4469616772616D3E0D0A3C2F646566696E6974696F6E733E0D0A, 0);
INSERT INTO `act_ge_bytearray` VALUES ('2502', 1, 'D:\\doc\\learning\\springboot-shelf\\aison-manage\\target\\classes\\processes\\processes2.bpmn', '2501', 0x3C3F786D6C2076657273696F6E3D22312E302220656E636F64696E673D225554462D3822207374616E64616C6F6E653D22796573223F3E0D0A3C646566696E6974696F6E7320786D6C6E733D22687474703A2F2F7777772E6F6D672E6F72672F737065632F42504D4E2F32303130303532342F4D4F44454C2220786D6C6E733A61637469766974693D22687474703A2F2F61637469766974692E6F72672F62706D6E2220786D6C6E733A62706D6E64693D22687474703A2F2F7777772E6F6D672E6F72672F737065632F42504D4E2F32303130303532342F44492220786D6C6E733A64633D22687474703A2F2F7777772E6F6D672E6F72672F737065632F44442F32303130303532342F44432220786D6C6E733A64693D22687474703A2F2F7777772E6F6D672E6F72672F737065632F44442F32303130303532342F44492220786D6C6E733A746E733D22687474703A2F2F7777772E61637469766974692E6F72672F746573746D313633343630373738323838372220786D6C6E733A7873643D22687474703A2F2F7777772E77332E6F72672F323030312F584D4C536368656D612220786D6C6E733A7873693D22687474703A2F2F7777772E77332E6F72672F323030312F584D4C536368656D612D696E7374616E6365222065787072657373696F6E4C616E67756167653D22687474703A2F2F7777772E77332E6F72672F313939392F5850617468222069643D226D3136333436303737383238383722206E616D653D2222207461726765744E616D6573706163653D22687474703A2F2F7777772E61637469766974692E6F72672F746573746D313633343630373738323838372220747970654C616E67756167653D22687474703A2F2F7777772E77332E6F72672F323030312F584D4C536368656D61223E0D0A20203C70726F636573732069643D2270726F6365737365733222206973436C6F7365643D2266616C73652220697345786563757461626C653D2274727565222070726F63657373547970653D224E6F6E65223E0D0A202020203C73746172744576656E742069643D225F3222206E616D653D22E5BC80E5A78B222F3E0D0A202020203C757365725461736B2061637469766974693A6578636C75736976653D2274727565222069643D225F3322206E616D653D22E68F90E4BAA4E794B3E8AFB7222F3E0D0A202020203C656E644576656E742069643D225F3422206E616D653D22E7BB93E69D9F222F3E0D0A202020203C757365725461736B2061637469766974693A6578636C75736976653D2274727565222069643D225F3522206E616D653D22E68F90E4BAA4E5AEA1E689B9222F3E0D0A202020203C73657175656E6365466C6F772069643D225F362220736F757263655265663D225F3222207461726765745265663D225F33222F3E0D0A202020203C73657175656E6365466C6F772069643D225F372220736F757263655265663D225F3322207461726765745265663D225F35222F3E0D0A202020203C73657175656E6365466C6F772069643D225F382220736F757263655265663D225F3522207461726765745265663D225F34222F3E0D0A20203C2F70726F636573733E0D0A20203C62706D6E64693A42504D4E4469616772616D20646F63756D656E746174696F6E3D226261636B67726F756E643D233343334634313B636F756E743D313B686F72697A6F6E74616C636F756E743D313B6F7269656E746174696F6E3D303B77696474683D3834322E343B6865696768743D313139352E323B696D61676561626C6557696474683D3833322E343B696D61676561626C654865696768743D313138352E323B696D61676561626C65583D352E303B696D61676561626C65593D352E30222069643D224469616772616D2D5F3122206E616D653D224E6577204469616772616D223E0D0A202020203C62706D6E64693A42504D4E506C616E652062706D6E456C656D656E743D2270726F63657373657332223E0D0A2020202020203C62706D6E64693A42504D4E53686170652062706D6E456C656D656E743D225F32222069643D2253686170652D5F32223E0D0A20202020202020203C64633A426F756E6473206865696768743D2233322E30222077696474683D2233322E302220783D223138352E302220793D2232302E30222F3E0D0A20202020202020203C62706D6E64693A42504D4E4C6162656C3E0D0A202020202020202020203C64633A426F756E6473206865696768743D2233322E30222077696474683D2233322E302220783D22302E302220793D22302E30222F3E0D0A20202020202020203C2F62706D6E64693A42504D4E4C6162656C3E0D0A2020202020203C2F62706D6E64693A42504D4E53686170653E0D0A2020202020203C62706D6E64693A42504D4E53686170652062706D6E456C656D656E743D225F33222069643D2253686170652D5F33223E0D0A20202020202020203C64633A426F756E6473206865696768743D2235352E30222077696474683D2238352E302220783D223136352E302220793D223131302E30222F3E0D0A20202020202020203C62706D6E64693A42504D4E4C6162656C3E0D0A202020202020202020203C64633A426F756E6473206865696768743D2235352E30222077696474683D2238352E302220783D22302E302220793D22302E30222F3E0D0A20202020202020203C2F62706D6E64693A42504D4E4C6162656C3E0D0A2020202020203C2F62706D6E64693A42504D4E53686170653E0D0A2020202020203C62706D6E64693A42504D4E53686170652062706D6E456C656D656E743D225F34222069643D2253686170652D5F34223E0D0A20202020202020203C64633A426F756E6473206865696768743D2233322E30222077696474683D2233322E302220783D223139302E302220793D223330352E30222F3E0D0A20202020202020203C62706D6E64693A42504D4E4C6162656C3E0D0A202020202020202020203C64633A426F756E6473206865696768743D2233322E30222077696474683D2233322E302220783D22302E302220793D22302E30222F3E0D0A20202020202020203C2F62706D6E64693A42504D4E4C6162656C3E0D0A2020202020203C2F62706D6E64693A42504D4E53686170653E0D0A2020202020203C62706D6E64693A42504D4E53686170652062706D6E456C656D656E743D225F35222069643D2253686170652D5F35223E0D0A20202020202020203C64633A426F756E6473206865696768743D2235352E30222077696474683D2238352E302220783D223136352E302220793D223230352E30222F3E0D0A20202020202020203C62706D6E64693A42504D4E4C6162656C3E0D0A202020202020202020203C64633A426F756E6473206865696768743D2235352E30222077696474683D2238352E302220783D22302E302220793D22302E30222F3E0D0A20202020202020203C2F62706D6E64693A42504D4E4C6162656C3E0D0A2020202020203C2F62706D6E64693A42504D4E53686170653E0D0A2020202020203C62706D6E64693A42504D4E456467652062706D6E456C656D656E743D225F36222069643D2242504D4E456467655F5F362220736F75726365456C656D656E743D225F322220746172676574456C656D656E743D225F33223E0D0A20202020202020203C64693A776179706F696E7420783D223230312E302220793D2235322E30222F3E0D0A20202020202020203C64693A776179706F696E7420783D223230312E302220793D223131302E30222F3E0D0A20202020202020203C62706D6E64693A42504D4E4C6162656C3E0D0A202020202020202020203C64633A426F756E6473206865696768743D22302E30222077696474683D22302E302220783D22302E302220793D22302E30222F3E0D0A20202020202020203C2F62706D6E64693A42504D4E4C6162656C3E0D0A2020202020203C2F62706D6E64693A42504D4E456467653E0D0A2020202020203C62706D6E64693A42504D4E456467652062706D6E456C656D656E743D225F37222069643D2242504D4E456467655F5F372220736F75726365456C656D656E743D225F332220746172676574456C656D656E743D225F35223E0D0A20202020202020203C64693A776179706F696E7420783D223230372E352220793D223136352E30222F3E0D0A20202020202020203C64693A776179706F696E7420783D223230372E352220793D223230352E30222F3E0D0A20202020202020203C62706D6E64693A42504D4E4C6162656C3E0D0A202020202020202020203C64633A426F756E6473206865696768743D22302E30222077696474683D22302E302220783D22302E302220793D22302E30222F3E0D0A20202020202020203C2F62706D6E64693A42504D4E4C6162656C3E0D0A2020202020203C2F62706D6E64693A42504D4E456467653E0D0A2020202020203C62706D6E64693A42504D4E456467652062706D6E456C656D656E743D225F38222069643D2242504D4E456467655F5F382220736F75726365456C656D656E743D225F352220746172676574456C656D656E743D225F34223E0D0A20202020202020203C64693A776179706F696E7420783D223230362E302220793D223236302E30222F3E0D0A20202020202020203C64693A776179706F696E7420783D223230362E302220793D223330352E30222F3E0D0A20202020202020203C62706D6E64693A42504D4E4C6162656C3E0D0A202020202020202020203C64633A426F756E6473206865696768743D22302E30222077696474683D22302E302220783D22302E302220793D22302E30222F3E0D0A20202020202020203C2F62706D6E64693A42504D4E4C6162656C3E0D0A2020202020203C2F62706D6E64693A42504D4E456467653E0D0A202020203C2F62706D6E64693A42504D4E506C616E653E0D0A20203C2F62706D6E64693A42504D4E4469616772616D3E0D0A3C2F646566696E6974696F6E733E0D0A, 0);
INSERT INTO `act_ge_bytearray` VALUES ('2503', 1, 'D:\\doc\\learning\\springboot-shelf\\aison-manage\\target\\classes\\processes\\processes2.processes2.png', '2501', 0x89504E470D0A1A0A0000000D49484452000001040000015B080600000033D0F02800000FAE4944415478DAEDDD5F6C95659E07F05EEC05D92BB317EBD56633D9C4ABCD2693CDDC4DB29DCC9D5793157B7A5A2A6C4494FFA851B3C40651A319AD833A64898913E348B2B373B333B2B301FBC74A47CB084E80A1A381A4EA02164E712582604B7B9E7D7ED0760F85A248FF9CD3F3F924BF60CE21D4FCCE79BF7D9EE77DDEF76D680000000000000000000000000000000000000000006A564AE9B63D7BF6FC66FBF6EDE73B3A3ACA0F3FFC705AB162456A6E6E4E6D6D6DE9C1071F4CEDEDEDA35BB76E3DB961C38687740C16A1CF3EFBACF58D37DEF872E3C68D69CD9A35E9B5D75E4BFBF6ED4B434343E9E2C58B298C8E8EA652A994F6EFDF9F76EEDC9956AF5E9DD6AD5B57DEBC79F3DE62B178BB2E42ED8F086EEFE9E939B37EFDFA944704E9F0E1C3970FFC6F6B606020E5D1445AB97265CAA389AD3A0A353C2A78E9A597CA9B366D4A070F1E4CB7E2A38F3E4A790A911E78E081D3798A719BEE420D3977EEDC86F6F6F6F4F2CB2FA72FBFFC32CD86985AC4BFB776EDDAB3A610504323830883E79E7B2E8D8D8DA5D9B663C78E1829FC6F6363E312DD862A5F33886942FC269F8B3098F4E28B2FA665CB967DAAE350C5620131D60C666B9A70A3E9C3EAD5ABCB79EAB049D7A14AA70A713621CE24CC8758686C6D6D1DB79E005528F619C4A9C5F9F4F4D34F8F363737EFD27DA8AEB583DB62D3D17C8D0E267DF8E187298F102E5960842AD2D9D9F95FB103712E171267B262C58AF142A1B0D2A7005522AE4D88EDC80B61DBB66D17F2B4A1CFA70055222E548A6B1316C27BEFBD379603E1B84F01AA445CB518172A2D843367CE9473208CF814A04AC4A5CB93572DCEB7B8582A2E9FF6294095880372210904A822CB972F5FC811425920401579E8A187166C0DA1542A8D5A43802AB265CB9691853ACBB067CF9E92B30C50459E7AEAA94F176A1F427B7BFB29FB10A08A6CD8B0E15FE21E880BB15331B62EDBA908D5170AE3F37D2D437F7F7F4C175CCB00D5E6F1C71F7FFBF9E79F9FD74058B56AD529573B42158A9B9FDE77DF7DE5B853F27CF8C31FFE70264607EE8700556ADDBA75ED719394B9BE63D2850B17C65B5A5A46DD3109AADCEAD5AB87B66DDB36970B8CE5FC334A85426150B7A1CAC5025F1E299C8907ACCC4128C4939CFE27F61D783E03D45028AC5AB5AAF4C20B2FA4AFBEFA6AD6A6096BD7AE8D45C4E3D60DA00643A1ADAD6DF0FEFBEF2F1F3A74E896171063CD20A609460650C362E16FD9B265635BB66CB914C17033D38803070E0CC79AC4C4D9040B88B018C46FF5FCDBFDD7F15BFE9E7BEE297774745C78E79D77C64E9D3A353EF9F0D7919191725CA8F4D65B6F9D89EDC8B103318220F6199822C022950FF0B65C5DB93ECD2111F7434C1535126B04B9FA633BB21D8850BF41516E6B6BFB9E4E001108A34D4D4D3FD2092002E17C0E84E53A01C4D988333910FE552780868945C69775028840389203E1DF75028840F87D0E844E9D00620DE1CD5C07740268686A6AFA450E84A33A01C494E1995C433A0134140A85F53910CEEA041053869FE440B8A81340C3DD77DFFD8F3910C674028840F82B0F6D05A64420B82312301908E3B9BEAF13409C69F83A161775028811C2D95C6B75028840881BAA3EA3134004C2B1D8C2AC13405CE0742007C26F75026898B81BF3EF750268686969F955DC2845278038EDF872DC4A4D278018216C8E9BADEA0410573C2E8FDBB1EB041081F0A378608B4E00B186F077F148379D001A9E78E289BF882B1EE34FDD003CF415B82A103CF415980A040F7D05AEF0D057A07284E0A1AFC0542078E82B3015081EFA0A5CE1A1AFC0140F7D052AA70C1EFA0A5CE1A1AF40E594C1435F812B3CF415A80C040F7D05FE9F87BE029581E0A1AFC0151EFA0A548E10E2A1AF4F168BC51FE6705899AB23D71D3A038B5C1E093C9A0FFE53F9E0FF224E37E603BF1C6B08D36AACB1B171896EC1229783E0F638E0AF1302539543E28F3A05F5334578F54681B074E9D21FEB12D457289C9B617430A83B50675A5B5B0BD70B845863D01DA8437934F0D1B440B8643111EA3710EE88E732540442AFAE401D2B168BFF391908791AF1031D813A16538478588B673C0297E530F89940807992525A32383878BCBFBF3F757777A7CECE4EF51DAAABAB2BEDDDBBB79C6B876F15352BC2A0AFAF2F954AA5343232A26EA1868787536F6F6F398743876F1635294606C2607643218F18467CB3A849314D7020CF6EC514C2378B9A145F5E07B140809B0A84F36787D2E0FED7D240D793972BFE3B5E130002813A0B84735F9C4C47F6B4A743BF7BE4AA8AD7E23D212010A8A340383EF0E635613059270676090181403D05C2876FFF74C64088F7848040A08E02E148E713330642BC270404020241200804EA3110E2ACC24C8110EF090181401D05C2B177B7CF1808F19E101008D451207C7EF2703AF2D6966BA70BF9B5784F080804EA2810A23E3EF0CB6B02215E130002817A0B84AFBF4EC7DEDB71ED7421BF16EF090181409D0442EC443CFAEECF675C4388F7EC5614082CF640C8BFF9878EF5A43FEDDE3C63184C56FC9DF8BB460B0281451808DF342A305A1008D451207C9B51C18D460B024120B08802E1BB86C164090481C0225D5454020181A0040202410904048283582080401008201004020804810002412040350742FEB1D7ADF97A5F20409505C28D5E9BEBF7050208048100024120804010082010040208048100B51C080D4E3B8240B03109048240008120104020080481804050020181A0040202410904048212080804251010084A202010944040202881804070100B041008020104824080197477773B8805025CD1D7D7375E2A951CC8B354274E9CF83407C2886F1635A9A7A7E799DEDEDEF2E9D3A71DD0B310065D5D5D977275F86651B3F217786BFEAD763E86BAD55CCDCDCDA9CAFF1F478401CC9308045D00040220100081000804402000020110088040000402201000810008044020000201100880400004022010008100080440200002011008804000040220100081000804A0DE0EFE531100DF50E7750AEA2310DABE29100A85C2569D82FA0985E11B04C2B9C6C6C625BA044609A9582C3EAB43602DE1F2DA81D1011825583B00A1D0FC99D10170591E11ACAC0884C775048C122EAF25181D00536B093A017328A5B4647070F0787F7F7FEAEEEE4E9D9D9DEA3B54575757DABB776F39D70EDF2A6A5684415F5F5F2A954A69646444DD420D0F0FA7DEDEDE720E870EDF2C6A528C0C84C1EC86421E318CF8665193629AE0409EDD8A29846F163529BEBC0E628100371508E7CF0EA5C1FDAFA581AE272F57FC77BC26000402751608E7BE38998EEC694F877EF7C85515AFC57B424020504781707CE0CD6BC260B24E0CEC120202817A0A840FDFFEE98C8110EF090181401D05C291CE27660C84784F0808040482401008D46320C45985990221DE130202813A0A8463EF6E9F3110E23D212010A8A340F8FCE4E174E4AD2DD74E17F26BF19E101008D45120447D7CE097D70442BC26000402F516085F7F9D8EBDB7E3DAE9427E2DDE130202813A0984D88978F4DD9FCFB88610EFD9AD281058EC81907FF30F1DEB497FDABD79C63098ACF83BF1778D1604028B3010BE695460B42010A8A340F836A3821B8D16048240601105C2770D83C91208028145BAA8A804020241090404821208080407B140008120104020080410080201048240806A0E84FC63AF5BF3F5BE40802A0B841BBD36D7EF0B04100802010482400081201040200804100802016A39101A9C7604816063120804810002412080401008020181A0040202410904048212080804251010084A202010944040202881804050020181E0201608201004020804810033E8EEEE76100B04B8A2AFAF6FBC542A399067A94E9C38F1690E8411DF2C6A524F4FCF33BDBDBDE5D3A74F3BA067210CBABABA2EE5EAF0CDA266E52FF0D6FC5BED7C0C75ABB58AC562AAE6FFBF891A110630C756AD5AF597CDCDCDE6E54043435B5BDB5F0B04603210BE9703A1AC134043A150F8FB1C08E33A0134B4B6B6FE2007C2984E000DC562F19F72208CEA04D0D0D2D272670E049B7D80CB81F0CF39102EEA04105386658542E12B9D001AF2E8E0BE1C085FEA0410A71DD7E75038AB1340435353D3A339103ED709201615B7E4514249278058437826D7904E003165F859B1583CAE13402C2AFE5B0E848F75028811C22FF294E1984E00B186F046AE3FEB041053865FE74038A413404C197E5B2C160FE804105386FFCED5AF1340044277AEBD3A014420F4E5EAD2092002A13FA60D3A0144207C90EB373A01C469C7C33910FE4327801821FC393627E9041081702CD7AB3A0144207C9C6BBB4E007193D5E37109B44E003142188A9BA4E804108150CAD5AE134004C2E771A3559D803A532814EE28168B3FBCF7DE7BFFB62210CEC6ADD87507EA2F1076E70048D7ABFC5E39FF79299EF3581918C022B562C58ADBF208617CA65098A8F7750AEA67CD60D78D0221A615BA0475B48E900FFCF20C81D0AB43507FA384F7AFB78660ED00EA504B4BCB9DD303A1582CBEAE3350BF5387C18A40186D6C6C5CA22B50A7962E5DFAE3C940C823865FE908584B3835110A7FA31B5047624A900FFCC7276EAA3A1C1B90A6AD238CC536E6B8C7621E31EC883D0BBA068BCC5D77DDF50F713A311FE4A3DFB02169FA22E378A1501888ADCEBA088B6044105B957310A49B098219AADF88016A542C18E6DFEC17A71FD86BD6AC49AFBCF24ADAB76F5F3A79F264BA78F1620AF167A9544A1F7CF0417AFDF5D7D3A64D9BAEB783F1425353D34F74176A483E7057B6B6B65E75BDC2238F3C72F9601F1B1B4BDFD6C18307D3E6CD9BA7074339FFFB5B75196A240C2AA7083918D2AE5DBB6E2A08A6DBBD7B77CAD385E9A305A100D53E4DC86150AE9C1E1C3D7A34CD864F3EF924AD5FBFFEAA9182E90354A95840AC5C338830883581D914FF5E6528C49A828546A8CEA9C2EECA69C26C8D0CAE375298367D70EF04A826B1CFA072DD20D60CE652AC2954AE27C454C5A7005522361D559E4D181D1D4D73EDB1C71EAB9C3A0CF814A04AD60E2A7720C6A9C5F970F8F0E1AB7634E6BADDA7010BBF76B0B57221F1564E2FDEACCACD4B71ED834F03167EBAD0377950BEFAEAAB693EEDDCB9F3AAADCD3E0D58F840189E3C28633BF27C8AE949C5B4E10B9F062CB07C204EAD1F0C0D0DCD6B20C4BE84CA4BA77D1AB0F02384A98372F242A5F9123FAFF2E7FB34A08A026121080430423042006B08D610A0DA4708CE32005381601F023035657876A1762A6EDCB8D14E45A82613B7561F732D0330396D78BFF26AC7F9182554DE6BD1D58E5045269EBB50763F04607294D0375F774C5ABE7CB93B2641358B7B1BC63D0EE7FA9E8AEBD6AD734F45A8057117E4CAA9C36CDF75B9320CDC75196A23141EAD0C85D97A2EC3B46982E73240AD86C2E4D9877812D3CD9E5A6C6F6FF7E426580CD387CA3585CA6944EC68DCBF7FFFE56B1FA63FDB3142237620566E3AF26C47580462C1AFF2ECC32DD6FB16106111887D0AF9B7FB1F2B77347E9B8A1D88B1E9A8A5A5E54E5D844566E2716FCF4E8C1A862B2F9DAED882FC455CA814D726D88E0C0000000000000070C5FF01402E09BA395190F80000000049454E44AE426082, 1);
INSERT INTO `act_ge_bytearray` VALUES ('3', 1, 'D:\\doc\\study\\springboot-shelf\\aison-manage\\target\\classes\\processes\\processes2.processes2.png', '1', 0x89504E470D0A1A0A0000000D49484452000001040000015B080600000033D0F02800000FAE4944415478DAEDDD5F6C95659E07F05EEC05D92BB317EBD56633D9C4ABCD2693CDDC4DB29DCC9D5793157B7A5A2A6C4494FFA851B3C40651A319AD833A64898913E348B2B373B333B2B301FBC74A47CB084E80A1A381A4EA02164E712582604B7B9E7D7ED0760F85A248FF9CD3F3F924BF60CE21D4FCCE79BF7D9EE77DDEF76D680000000000000000000000000000000000000000006A564AE9B63D7BF6FC66FBF6EDE73B3A3ACA0F3FFC705AB162456A6E6E4E6D6D6DE9C1071F4CEDEDEDA35BB76E3DB961C38687740C16A1CF3EFBACF58D37DEF872E3C68D69CD9A35E9B5D75E4BFBF6ED4B434343E9E2C58B298C8E8EA652A994F6EFDF9F76EEDC9956AF5E9DD6AD5B57DEBC79F3DE62B178BB2E42ED8F086EEFE9E939B37EFDFA944704E9F0E1C3970FFC6F6B606020E5D1445AB97265CAA389AD3A0A353C2A78E9A597CA9B366D4A070F1E4CB7E2A38F3E4A790A911E78E081D3798A719BEE420D3977EEDC86F6F6F6F4F2CB2FA72FBFFC32CD86985AC4BFB776EDDAB3A610504323830883E79E7B2E8D8D8DA5D9B663C78E1829FC6F6363E312DD862A5F33886942FC269F8B3098F4E28B2FA665CB967DAAE350C5620131D60C666B9A70A3E9C3EAD5ABCB79EAB049D7A14AA70A713621CE24CC8758686C6D6D1DB79E005528F619C4A9C5F9F4F4D34F8F363737EFD27DA8AEB583DB62D3D17C8D0E267DF8E187298F102E5960842AD2D9D9F95FB103712E171267B262C58AF142A1B0D2A7005522AE4D88EDC80B61DBB66D17F2B4A1CFA70055222E548A6B1316C27BEFBD379603E1B84F01AA445CB518172A2D843367CE9473208CF814A04AC4A5CB93572DCEB7B8582A2E9FF6294095880372210904A822CB972F5FC811425920401579E8A187166C0DA1542A8D5A43802AB265CB9691853ACBB067CF9E92B30C50459E7AEAA94F176A1F427B7BFB29FB10A08A6CD8B0E15FE21E880BB15331B62EDBA908D5170AE3F37D2D437F7F7F4C175CCB00D5E6F1C71F7FFBF9E79F9FD74058B56AD529573B42158A9B9FDE77DF7DE5B853F27CF8C31FFE70264607EE8700556ADDBA75ED719394B9BE63D2850B17C65B5A5A46DD3109AADCEAD5AB87B66DDB36970B8CE5FC334A85426150B7A1CAC5025F1E299C8907ACCC4128C4939CFE27F61D783E03D45028AC5AB5AAF4C20B2FA4AFBEFA6AD6A6096BD7AE8D45C4E3D60DA00643A1ADAD6DF0FEFBEF2F1F3A74E896171063CD20A609460650C362E16FD9B265635BB66CB914C17033D38803070E0CC79AC4C4D9040B88B018C46FF5FCDBFDD7F15BFE9E7BEE297774745C78E79D77C64E9D3A353EF9F0D7919191725CA8F4D65B6F9D89EDC8B103318220F6199822C022950FF0B65C5DB93ECD2111F7434C1535126B04B9FA633BB21D8850BF41516E6B6BFB9E4E001108A34D4D4D3FD2092002E17C0E84E53A01C4D988333910FE552780868945C69775028840389203E1DF75028840F87D0E844E9D00620DE1CD5C07740268686A6AFA450E84A33A01C494E1995C433A0134140A85F53910CEEA041053869FE440B8A81340C3DD77DFFD8F3910C674028840F82B0F6D05A64420B82312301908E3B9BEAF13409C69F83A161775028811C2D95C6B75028840881BAA3EA3134004C2B1D8C2AC13405CE0742007C26F75026898B81BF3EF750268686969F955DC2845278038EDF872DC4A4D278018216C8E9BADEA0410573C2E8FDBB1EB041081F0A378608B4E00B186F077F148379D001A9E78E289BF882B1EE34FDD003CF415B82A103CF415980A040F7D05AEF0D057A07284E0A1AFC0542078E82B3015081EFA0A5CE1A1AFC0140F7D052AA70C1EFA0A5CE1A1AF40E594C1435F812B3CF415A80C040F7D05FE9F87BE029581E0A1AFC0151EFA0A548E10E2A1AF4F168BC51FE6705899AB23D71D3A038B5C1E093C9A0FFE53F9E0FF224E37E603BF1C6B08D36AACB1B171896EC1229783E0F638E0AF1302539543E28F3A05F5334578F54681B074E9D21FEB12D457289C9B617430A83B50675A5B5B0BD70B845863D01DA8437934F0D1B440B8643111EA3710EE88E732540442AFAE401D2B168BFF391908791AF1031D813A16538478588B673C0297E530F89940807992525A32383878BCBFBF3F757777A7CECE4EF51DAAABAB2BEDDDBBB79C6B876F15352BC2A0AFAF2F954AA5343232A26EA1868787536F6F6F398743876F1635294606C2607643218F18467CB3A849314D7020CF6EC514C2378B9A145F5E07B140809B0A84F36787D2E0FED7D240D793972BFE3B5E130002813A0B84735F9C4C47F6B4A743BF7BE4AA8AD7E23D212010A8A340383EF0E635613059270676090181403D05C2876FFF74C64088F7848040A08E02E148E713330642BC270404020241200804EA3110E2ACC24C8110EF090181401D05C2B177B7CF1808F19E101008D451207C7EF2703AF2D6966BA70BF9B5784F080804EA2810A23E3EF0CB6B02215E130002817A0B84AFBF4EC7DEDB71ED7421BF16EF090181409D0442EC443CFAEECF675C4388F7EC5614082CF640C8BFF9878EF5A43FEDDE3C63184C56FC9DF8BB460B0281451808DF342A305A1008D451207C9B51C18D460B024120B08802E1BB86C164090481C0225D5454020181A0040202410904048283582080401008201004020804810002412040350742FEB1D7ADF97A5F20409505C28D5E9BEBF7050208048100024120804010082010040208048100B51C080D4E3B8240B03109048240008120104020080481804050020181A0040202410904048212080804251010084A202010944040202881804070100B041008020104824080197477773B8805025CD1D7D7375E2A951CC8B354274E9CF83407C2886F1635A9A7A7E799DEDEDEF2E9D3A71DD0B310065D5D5D977275F86651B3F217786BFEAD763E86BAD55CCDCDCDA9CAFF1F478401CC9308045D00040220100081000804402000020110088040000402201000810008044020000201100880400004022010008100080440200002011008804000040220100081000804A0DE0EFE531100DF50E7750AEA2310DABE29100A85C2569D82FA0985E11B04C2B9C6C6C625BA044609A9582C3EAB43602DE1F2DA81D1011825583B00A1D0FC99D10170591E11ACAC0884C775048C122EAF25181D00536B093A017328A5B4647070F0787F7F7FEAEEEE4E9D9D9DEA3B54575757DABB776F39D70EDF2A6A5684415F5F5F2A954A69646444DD420D0F0FA7DEDEDE720E870EDF2C6A528C0C84C1EC86421E318CF8665193629AE0409EDD8A29846F163529BEBC0E628100371508E7CF0EA5C1FDAFA581AE272F57FC77BC26000402751608E7BE38998EEC694F877EF7C85515AFC57B424020504781707CE0CD6BC260B24E0CEC120202817A0A840FDFFEE98C8110EF090181401D05C291CE27660C84784F0808040482401008D46320C45985990221DE130202813A0A8463EF6E9F3110E23D212010A8A340F8FCE4E174E4AD2DD74E17F26BF19E101008D45120447D7CE097D70442BC26000402F516085F7F9D8EBDB7E3DAE9427E2DDE130202813A0984D88978F4DD9FCFB88610EFD9AD281058EC81907FF30F1DEB497FDABD79C63098ACF83BF1778D1604028B3010BE695460B42010A8A340F836A3821B8D16048240601105C2770D83C91208028145BAA8A804020241090404821208080407B140008120104020080410080201048240806A0E84FC63AF5BF3F5BE40802A0B841BBD36D7EF0B04100802010482400081201040200804100802016A39101A9C7604816063120804810002412080401008020181A0040202410904048212080804251010084A202010944040202881804050020181E0201608201004020804810033E8EEEE76100B04B8A2AFAF6FBC542A399067A94E9C38F1690E8411DF2C6A524F4FCF33BDBDBDE5D3A74F3BA067210CBABABA2EE5EAF0CDA266E52FF0D6FC5BED7C0C75ABB58AC562AAE6FFBF891A110630C756AD5AF597CDCDCDE6E54043435B5BDB5F0B04603210BE9703A1AC134043A150F8FB1C08E33A0134B4B6B6FE2007C2984E000DC562F19F72208CEA04D0D0D2D272670E049B7D80CB81F0CF39102EEA04105386658542E12B9D001AF2E8E0BE1C085FEA0410A71DD7E75038AB1340435353D3A339103ED709201615B7E4514249278058437826D7904E003165F859B1583CAE13402C2AFE5B0E848F75028811C22FF294E1984E00B186F046AE3FEB041053865FE74038A413404C197E5B2C160FE804105386FFCED5AF1340044277AEBD3A014420F4E5EAD2092002A13FA60D3A0144207C90EB373A01C469C7C33910FE4327801821FC393627E9041081702CD7AB3A0144207C9C6BBB4E007193D5E37109B44E003142188A9BA4E804108150CAD5AE134004C2E771A3559D803A532814EE28168B3FBCF7DE7BFFB62210CEC6ADD87507EA2F1076E70048D7ABFC5E39FF79299EF3581918C022B562C58ADBF208617CA65098A8F7750AEA67CD60D78D0221A615BA0475B48E900FFCF20C81D0AB43507FA384F7AFB78660ED00EA504B4BCB9DD303A1582CBEAE3350BF5387C18A40186D6C6C5CA22B50A7962E5DFAE3C940C823865FE908584B3835110A7FA31B5047624A900FFCC7276EAA3A1C1B90A6AD238CC536E6B8C7621E31EC883D0BBA068BCC5D77DDF50F713A311FE4A3DFB02169FA22E378A1501888ADCEBA088B6044105B957310A49B098219AADF88016A542C18E6DFEC17A71FD86BD6AC49AFBCF24ADAB76F5F3A79F264BA78F1620AF167A9544A1F7CF0417AFDF5D7D3A64D9BAEB783F1425353D34F74176A483E7057B6B6B65E75BDC2238F3C72F9601F1B1B4BDFD6C18307D3E6CD9BA7074339FFFB5B75196A240C2AA7083918D2AE5DBB6E2A08A6DBBD7B77CAD385E9A305A100D53E4DC86150AE9C1E1C3D7A34CD864F3EF924AD5FBFFEAA9182E90354A95840AC5C338830883581D914FF5E6528C49A828546A8CEA9C2EECA69C26C8D0CAE375298367D70EF04A826B1CFA072DD20D60CE652AC2954AE27C454C5A7005522361D559E4D181D1D4D73EDB1C71EAB9C3A0CF814A04AD60E2A7720C6A9C5F970F8F0E1AB7634E6BADDA7010BBF76B0B57221F1564E2FDEACCACD4B71ED834F03167EBAD0377950BEFAEAAB693EEDDCB9F3AAADCD3E0D58F840189E3C28633BF27C8AE949C5B4E10B9F062CB07C204EAD1F0C0D0DCD6B20C4BE84CA4BA77D1AB0F02384A98372F242A5F9123FAFF2E7FB34A08A026121080430423042006B08D610A0DA4708CE32005381601F023035657876A1762A6EDCB8D14E45A82613B7561F732D0330396D78BFF26AC7F9182554DE6BD1D58E5045269EBB50763F04607294D0375F774C5ABE7CB93B2641358B7B1BC63D0EE7FA9E8AEBD6AD734F45A8057117E4CAA9C36CDF75B9320CDC75196A23141EAD0C85D97A2EC3B46982E73240AD86C2E4D9877812D3CD9E5A6C6F6FF7E426580CD387CA3585CA6944EC68DCBF7FFFE56B1FA63FDB3142237620566E3AF26C47580462C1AFF2ECC32DD6FB16106111887D0AF9B7FB1F2B77347E9B8A1D88B1E9A8A5A5E54E5D844566E2716FCF4E8C1A862B2F9DAED882FC455CA814D726D88E0C0000000000000070C5FF01402E09BA395190F80000000049454E44AE426082, 1);
INSERT INTO `act_ge_bytearray` VALUES ('5002', 1, 'D:\\doc\\study\\springboot-shelf\\aison-manage\\target\\classes\\processes\\processes2.bpmn', '5001', 0x3C3F786D6C2076657273696F6E3D22312E302220656E636F64696E673D225554462D3822207374616E64616C6F6E653D22796573223F3E0D0A3C646566696E6974696F6E7320786D6C6E733D22687474703A2F2F7777772E6F6D672E6F72672F737065632F42504D4E2F32303130303532342F4D4F44454C2220786D6C6E733A61637469766974693D22687474703A2F2F61637469766974692E6F72672F62706D6E2220786D6C6E733A62706D6E64693D22687474703A2F2F7777772E6F6D672E6F72672F737065632F42504D4E2F32303130303532342F44492220786D6C6E733A64633D22687474703A2F2F7777772E6F6D672E6F72672F737065632F44442F32303130303532342F44432220786D6C6E733A64693D22687474703A2F2F7777772E6F6D672E6F72672F737065632F44442F32303130303532342F44492220786D6C6E733A746E733D22687474703A2F2F7777772E61637469766974692E6F72672F746573746D313633343630373738323838372220786D6C6E733A7873643D22687474703A2F2F7777772E77332E6F72672F323030312F584D4C536368656D612220786D6C6E733A7873693D22687474703A2F2F7777772E77332E6F72672F323030312F584D4C536368656D612D696E7374616E6365222065787072657373696F6E4C616E67756167653D22687474703A2F2F7777772E77332E6F72672F313939392F5850617468222069643D226D3136333436303737383238383722206E616D653D2222207461726765744E616D6573706163653D22687474703A2F2F7777772E61637469766974692E6F72672F746573746D313633343630373738323838372220747970654C616E67756167653D22687474703A2F2F7777772E77332E6F72672F323030312F584D4C536368656D61223E0D0A20203C70726F636573732069643D2270726F6365737365733222206973436C6F7365643D2266616C73652220697345786563757461626C653D2274727565222070726F63657373547970653D224E6F6E65223E0D0A202020203C73746172744576656E742069643D225F3222206E616D653D22E5BC80E5A78B222F3E0D0A202020203C757365725461736B2061637469766974693A6578636C75736976653D2274727565222069643D225F3322206E616D653D22E68F90E4BAA4E794B3E8AFB7222F3E0D0A202020203C656E644576656E742069643D225F3422206E616D653D22E7BB93E69D9F222F3E0D0A202020203C757365725461736B2061637469766974693A6578636C75736976653D2274727565222069643D225F3522206E616D653D22E68F90E4BAA4E5AEA1E689B9222F3E0D0A202020203C73657175656E6365466C6F772069643D225F362220736F757263655265663D225F3222207461726765745265663D225F33222F3E0D0A202020203C73657175656E6365466C6F772069643D225F372220736F757263655265663D225F3322207461726765745265663D225F35222F3E0D0A202020203C73657175656E6365466C6F772069643D225F382220736F757263655265663D225F3522207461726765745265663D225F34222F3E0D0A20203C2F70726F636573733E0D0A20203C62706D6E64693A42504D4E4469616772616D20646F63756D656E746174696F6E3D226261636B67726F756E643D233343334634313B636F756E743D313B686F72697A6F6E74616C636F756E743D313B6F7269656E746174696F6E3D303B77696474683D3834322E343B6865696768743D313139352E323B696D61676561626C6557696474683D3833322E343B696D61676561626C654865696768743D313138352E323B696D61676561626C65583D352E303B696D61676561626C65593D352E30222069643D224469616772616D2D5F3122206E616D653D224E6577204469616772616D223E0D0A202020203C62706D6E64693A42504D4E506C616E652062706D6E456C656D656E743D2270726F63657373657332223E0D0A2020202020203C62706D6E64693A42504D4E53686170652062706D6E456C656D656E743D225F32222069643D2253686170652D5F32223E0D0A20202020202020203C64633A426F756E6473206865696768743D2233322E30222077696474683D2233322E302220783D223138352E302220793D2232302E30222F3E0D0A20202020202020203C62706D6E64693A42504D4E4C6162656C3E0D0A202020202020202020203C64633A426F756E6473206865696768743D2233322E30222077696474683D2233322E302220783D22302E302220793D22302E30222F3E0D0A20202020202020203C2F62706D6E64693A42504D4E4C6162656C3E0D0A2020202020203C2F62706D6E64693A42504D4E53686170653E0D0A2020202020203C62706D6E64693A42504D4E53686170652062706D6E456C656D656E743D225F33222069643D2253686170652D5F33223E0D0A20202020202020203C64633A426F756E6473206865696768743D2235352E30222077696474683D2238352E302220783D223136352E302220793D223131302E30222F3E0D0A20202020202020203C62706D6E64693A42504D4E4C6162656C3E0D0A202020202020202020203C64633A426F756E6473206865696768743D2235352E30222077696474683D2238352E302220783D22302E302220793D22302E30222F3E0D0A20202020202020203C2F62706D6E64693A42504D4E4C6162656C3E0D0A2020202020203C2F62706D6E64693A42504D4E53686170653E0D0A2020202020203C62706D6E64693A42504D4E53686170652062706D6E456C656D656E743D225F34222069643D2253686170652D5F34223E0D0A20202020202020203C64633A426F756E6473206865696768743D2233322E30222077696474683D2233322E302220783D223139302E302220793D223330352E30222F3E0D0A20202020202020203C62706D6E64693A42504D4E4C6162656C3E0D0A202020202020202020203C64633A426F756E6473206865696768743D2233322E30222077696474683D2233322E302220783D22302E302220793D22302E30222F3E0D0A20202020202020203C2F62706D6E64693A42504D4E4C6162656C3E0D0A2020202020203C2F62706D6E64693A42504D4E53686170653E0D0A2020202020203C62706D6E64693A42504D4E53686170652062706D6E456C656D656E743D225F35222069643D2253686170652D5F35223E0D0A20202020202020203C64633A426F756E6473206865696768743D2235352E30222077696474683D2238352E302220783D223136352E302220793D223230352E30222F3E0D0A20202020202020203C62706D6E64693A42504D4E4C6162656C3E0D0A202020202020202020203C64633A426F756E6473206865696768743D2235352E30222077696474683D2238352E302220783D22302E302220793D22302E30222F3E0D0A20202020202020203C2F62706D6E64693A42504D4E4C6162656C3E0D0A2020202020203C2F62706D6E64693A42504D4E53686170653E0D0A2020202020203C62706D6E64693A42504D4E456467652062706D6E456C656D656E743D225F36222069643D2242504D4E456467655F5F362220736F75726365456C656D656E743D225F322220746172676574456C656D656E743D225F33223E0D0A20202020202020203C64693A776179706F696E7420783D223230312E302220793D2235322E30222F3E0D0A20202020202020203C64693A776179706F696E7420783D223230312E302220793D223131302E30222F3E0D0A20202020202020203C62706D6E64693A42504D4E4C6162656C3E0D0A202020202020202020203C64633A426F756E6473206865696768743D22302E30222077696474683D22302E302220783D22302E302220793D22302E30222F3E0D0A20202020202020203C2F62706D6E64693A42504D4E4C6162656C3E0D0A2020202020203C2F62706D6E64693A42504D4E456467653E0D0A2020202020203C62706D6E64693A42504D4E456467652062706D6E456C656D656E743D225F37222069643D2242504D4E456467655F5F372220736F75726365456C656D656E743D225F332220746172676574456C656D656E743D225F35223E0D0A20202020202020203C64693A776179706F696E7420783D223230372E352220793D223136352E30222F3E0D0A20202020202020203C64693A776179706F696E7420783D223230372E352220793D223230352E30222F3E0D0A20202020202020203C62706D6E64693A42504D4E4C6162656C3E0D0A202020202020202020203C64633A426F756E6473206865696768743D22302E30222077696474683D22302E302220783D22302E302220793D22302E30222F3E0D0A20202020202020203C2F62706D6E64693A42504D4E4C6162656C3E0D0A2020202020203C2F62706D6E64693A42504D4E456467653E0D0A2020202020203C62706D6E64693A42504D4E456467652062706D6E456C656D656E743D225F38222069643D2242504D4E456467655F5F382220736F75726365456C656D656E743D225F352220746172676574456C656D656E743D225F34223E0D0A20202020202020203C64693A776179706F696E7420783D223230362E302220793D223236302E30222F3E0D0A20202020202020203C64693A776179706F696E7420783D223230362E302220793D223330352E30222F3E0D0A20202020202020203C62706D6E64693A42504D4E4C6162656C3E0D0A202020202020202020203C64633A426F756E6473206865696768743D22302E30222077696474683D22302E302220783D22302E302220793D22302E30222F3E0D0A20202020202020203C2F62706D6E64693A42504D4E4C6162656C3E0D0A2020202020203C2F62706D6E64693A42504D4E456467653E0D0A202020203C2F62706D6E64693A42504D4E506C616E653E0D0A20203C2F62706D6E64693A42504D4E4469616772616D3E0D0A3C2F646566696E6974696F6E733E0D0A, 0);
INSERT INTO `act_ge_bytearray` VALUES ('5003', 1, 'D:\\doc\\study\\springboot-shelf\\aison-manage\\target\\classes\\processes\\processes2.processes2.png', '5001', 0x89504E470D0A1A0A0000000D49484452000001040000015B080600000033D0F02800000FAE4944415478DAEDDD5F6C95659E07F05EEC05D92BB317EBD56633D9C4ABCD2693CDDC4DB29DCC9D5793157B7A5A2A6C4494FFA851B3C40651A319AD833A64898913E348B2B373B333B2B301FBC74A47CB084E80A1A381A4EA02164E712582604B7B9E7D7ED0760F85A248FF9CD3F3F924BF60CE21D4FCCE79BF7D9EE77DDEF76D680000000000000000000000000000000000000000006A564AE9B63D7BF6FC66FBF6EDE73B3A3ACA0F3FFC705AB162456A6E6E4E6D6D6DE9C1071F4CEDEDEDA35BB76E3DB961C38687740C16A1CF3EFBACF58D37DEF872E3C68D69CD9A35E9B5D75E4BFBF6ED4B434343E9E2C58B298C8E8EA652A994F6EFDF9F76EEDC9956AF5E9DD6AD5B57DEBC79F3DE62B178BB2E42ED8F086EEFE9E939B37EFDFA944704E9F0E1C3970FFC6F6B606020E5D1445AB97265CAA389AD3A0A353C2A78E9A597CA9B366D4A070F1E4CB7E2A38F3E4A790A911E78E081D3798A719BEE420D3977EEDC86F6F6F6F4F2CB2FA72FBFFC32CD86985AC4BFB776EDDAB3A610504323830883E79E7B2E8D8D8DA5D9B663C78E1829FC6F6363E312DD862A5F33886942FC269F8B3098F4E28B2FA665CB967DAAE350C5620131D60C666B9A70A3E9C3EAD5ABCB79EAB049D7A14AA70A713621CE24CC8758686C6D6D1DB79E005528F619C4A9C5F9F4F4D34F8F363737EFD27DA8AEB583DB62D3D17C8D0E267DF8E187298F102E5960842AD2D9D9F95FB103712E171267B262C58AF142A1B0D2A7005522AE4D88EDC80B61DBB66D17F2B4A1CFA70055222E548A6B1316C27BEFBD379603E1B84F01AA445CB518172A2D843367CE9473208CF814A04AC4A5CB93572DCEB7B8582A2E9FF6294095880372210904A822CB972F5FC811425920401579E8A187166C0DA1542A8D5A43802AB265CB9691853ACBB067CF9E92B30C50459E7AEAA94F176A1F427B7BFB29FB10A08A6CD8B0E15FE21E880BB15331B62EDBA908D5170AE3F37D2D437F7F7F4C175CCB00D5E6F1C71F7FFBF9E79F9FD74058B56AD529573B42158A9B9FDE77DF7DE5B853F27CF8C31FFE70264607EE8700556ADDBA75ED719394B9BE63D2850B17C65B5A5A46DD3109AADCEAD5AB87B66DDB36970B8CE5FC334A85426150B7A1CAC5025F1E299C8907ACCC4128C4939CFE27F61D783E03D45028AC5AB5AAF4C20B2FA4AFBEFA6AD6A6096BD7AE8D45C4E3D60DA00643A1ADAD6DF0FEFBEF2F1F3A74E896171063CD20A609460650C362E16FD9B265635BB66CB914C17033D38803070E0CC79AC4C4D9040B88B018C46FF5FCDBFDD7F15BFE9E7BEE297774745C78E79D77C64E9D3A353EF9F0D7919191725CA8F4D65B6F9D89EDC8B103318220F6199822C022950FF0B65C5DB93ECD2111F7434C1535126B04B9FA633BB21D8850BF41516E6B6BFB9E4E001108A34D4D4D3FD2092002E17C0E84E53A01C4D988333910FE552780868945C69775028840389203E1DF75028840F87D0E844E9D00620DE1CD5C07740268686A6AFA450E84A33A01C494E1995C433A0134140A85F53910CEEA041053869FE440B8A81340C3DD77DFFD8F3910C674028840F82B0F6D05A64420B82312301908E3B9BEAF13409C69F83A161775028811C2D95C6B75028840881BAA3EA3134004C2B1D8C2AC13405CE0742007C26F75026898B81BF3EF750268686969F955DC2845278038EDF872DC4A4D278018216C8E9BADEA0410573C2E8FDBB1EB041081F0A378608B4E00B186F077F148379D001A9E78E289BF882B1EE34FDD003CF415B82A103CF415980A040F7D05AEF0D057A07284E0A1AFC0542078E82B3015081EFA0A5CE1A1AFC0140F7D052AA70C1EFA0A5CE1A1AF40E594C1435F812B3CF415A80C040F7D05FE9F87BE029581E0A1AFC0151EFA0A548E10E2A1AF4F168BC51FE6705899AB23D71D3A038B5C1E093C9A0FFE53F9E0FF224E37E603BF1C6B08D36AACB1B171896EC1229783E0F638E0AF1302539543E28F3A05F5334578F54681B074E9D21FEB12D457289C9B617430A83B50675A5B5B0BD70B845863D01DA8437934F0D1B440B8643111EA3710EE88E732540442AFAE401D2B168BFF391908791AF1031D813A16538478588B673C0297E530F89940807992525A32383878BCBFBF3F757777A7CECE4EF51DAAABAB2BEDDDBBB79C6B876F15352BC2A0AFAF2F954AA5343232A26EA1868787536F6F6F398743876F1635294606C2607643218F18467CB3A849314D7020CF6EC514C2378B9A145F5E07B140809B0A84F36787D2E0FED7D240D793972BFE3B5E130002813A0B84735F9C4C47F6B4A743BF7BE4AA8AD7E23D212010A8A340383EF0E635613059270676090181403D05C2876FFF74C64088F7848040A08E02E148E713330642BC270404020241200804EA3110E2ACC24C8110EF090181401D05C2B177B7CF1808F19E101008D451207C7EF2703AF2D6966BA70BF9B5784F080804EA2810A23E3EF0CB6B02215E130002817A0B84AFBF4EC7DEDB71ED7421BF16EF090181409D0442EC443CFAEECF675C4388F7EC5614082CF640C8BFF9878EF5A43FEDDE3C63184C56FC9DF8BB460B0281451808DF342A305A1008D451207C9B51C18D460B024120B08802E1BB86C164090481C0225D5454020181A0040202410904048283582080401008201004020804810002412040350742FEB1D7ADF97A5F20409505C28D5E9BEBF7050208048100024120804010082010040208048100B51C080D4E3B8240B03109048240008120104020080481804050020181A0040202410904048212080804251010084A202010944040202881804070100B041008020104824080197477773B8805025CD1D7D7375E2A951CC8B354274E9CF83407C2886F1635A9A7A7E799DEDEDEF2E9D3A71DD0B310065D5D5D977275F86651B3F217786BFEAD763E86BAD55CCDCDCDA9CAFF1F478401CC9308045D00040220100081000804402000020110088040000402201000810008044020000201100880400004022010008100080440200002011008804000040220100081000804A0DE0EFE531100DF50E7750AEA2310DABE29100A85C2569D82FA0985E11B04C2B9C6C6C625BA044609A9582C3EAB43602DE1F2DA81D1011825583B00A1D0FC99D10170591E11ACAC0884C775048C122EAF25181D00536B093A017328A5B4647070F0787F7F7FEAEEEE4E9D9D9DEA3B54575757DABB776F39D70EDF2A6A5684415F5F5F2A954A69646444DD420D0F0FA7DEDEDE720E870EDF2C6A528C0C84C1EC86421E318CF8665193629AE0409EDD8A29846F163529BEBC0E628100371508E7CF0EA5C1FDAFA581AE272F57FC77BC26000402751608E7BE38998EEC694F877EF7C85515AFC57B424020504781707CE0CD6BC260B24E0CEC120202817A0A840FDFFEE98C8110EF090181401D05C291CE27660C84784F0808040482401008D46320C45985990221DE130202813A0A8463EF6E9F3110E23D212010A8A340F8FCE4E174E4AD2DD74E17F26BF19E101008D45120447D7CE097D70442BC26000402F516085F7F9D8EBDB7E3DAE9427E2DDE130202813A0984D88978F4DD9FCFB88610EFD9AD281058EC81907FF30F1DEB497FDABD79C63098ACF83BF1778D1604028B3010BE695460B42010A8A340F836A3821B8D16048240601105C2770D83C91208028145BAA8A804020241090404821208080407B140008120104020080410080201048240806A0E84FC63AF5BF3F5BE40802A0B841BBD36D7EF0B04100802010482400081201040200804100802016A39101A9C7604816063120804810002412080401008020181A0040202410904048212080804251010084A202010944040202881804050020181E0201608201004020804810033E8EEEE76100B04B8A2AFAF6FBC542A399067A94E9C38F1690E8411DF2C6A524F4FCF33BDBDBDE5D3A74F3BA067210CBABABA2EE5EAF0CDA266E52FF0D6FC5BED7C0C75ABB58AC562AAE6FFBF891A110630C756AD5AF597CDCDCDE6E54043435B5BDB5F0B04603210BE9703A1AC134043A150F8FB1C08E33A0134B4B6B6FE2007C2984E000DC562F19F72208CEA04D0D0D2D272670E049B7D80CB81F0CF39102EEA04105386658542E12B9D001AF2E8E0BE1C085FEA0410A71DD7E75038AB1340435353D3A339103ED709201615B7E4514249278058437826D7904E003165F859B1583CAE13402C2AFE5B0E848F75028811C22FF294E1984E00B186F046AE3FEB041053865FE74038A413404C197E5B2C160FE804105386FFCED5AF1340044277AEBD3A014420F4E5EAD2092002A13FA60D3A0144207C90EB373A01C469C7C33910FE4327801821FC393627E9041081702CD7AB3A0144207C9C6BBB4E007193D5E37109B44E003142188A9BA4E804108150CAD5AE134004C2E771A3559D803A532814EE28168B3FBCF7DE7BFFB62210CEC6ADD87507EA2F1076E70048D7ABFC5E39FF79299EF3581918C022B562C58ADBF208617CA65098A8F7750AEA67CD60D78D0221A615BA0475B48E900FFCF20C81D0AB43507FA384F7AFB78660ED00EA504B4BCB9DD303A1582CBEAE3350BF5387C18A40186D6C6C5CA22B50A7962E5DFAE3C940C823865FE908584B3835110A7FA31B5047624A900FFCC7276EAA3A1C1B90A6AD238CC536E6B8C7621E31EC883D0BBA068BCC5D77DDF50F713A311FE4A3DFB02169FA22E378A1501888ADCEBA088B6044105B957310A49B098219AADF88016A542C18E6DFEC17A71FD86BD6AC49AFBCF24ADAB76F5F3A79F264BA78F1620AF167A9544A1F7CF0417AFDF5D7D3A64D9BAEB783F1425353D34F74176A483E7057B6B6B65E75BDC2238F3C72F9601F1B1B4BDFD6C18307D3E6CD9BA7074339FFFB5B75196A240C2AA7083918D2AE5DBB6E2A08A6DBBD7B77CAD385E9A305A100D53E4DC86150AE9C1E1C3D7A34CD864F3EF924AD5FBFFEAA9182E90354A95840AC5C338830883581D914FF5E6528C49A828546A8CEA9C2EECA69C26C8D0CAE375298367D70EF04A826B1CFA072DD20D60CE652AC2954AE27C454C5A7005522361D559E4D181D1D4D73EDB1C71EAB9C3A0CF814A04AD60E2A7720C6A9C5F970F8F0E1AB7634E6BADDA7010BBF76B0B57221F1564E2FDEACCACD4B71ED834F03167EBAD0377950BEFAEAAB693EEDDCB9F3AAADCD3E0D58F840189E3C28633BF27C8AE949C5B4E10B9F062CB07C204EAD1F0C0D0DCD6B20C4BE84CA4BA77D1AB0F02384A98372F242A5F9123FAFF2E7FB34A08A026121080430423042006B08D610A0DA4708CE32005381601F023035657876A1762A6EDCB8D14E45A82613B7561F732D0330396D78BFF26AC7F9182554DE6BD1D58E5045269EBB50763F04607294D0375F774C5ABE7CB93B2641358B7B1BC63D0EE7FA9E8AEBD6AD734F45A8057117E4CAA9C36CDF75B9320CDC75196A23141EAD0C85D97A2EC3B46982E73240AD86C2E4D9877812D3CD9E5A6C6F6FF7E426580CD387CA3585CA6944EC68DCBF7FFFE56B1FA63FDB3142237620566E3AF26C47580462C1AFF2ECC32DD6FB16106111887D0AF9B7FB1F2B77347E9B8A1D88B1E9A8A5A5E54E5D844566E2716FCF4E8C1A862B2F9DAED882FC455CA814D726D88E0C0000000000000070C5FF01402E09BA395190F80000000049454E44AE426082, 1);

-- ----------------------------
-- Table structure for act_ge_property
-- ----------------------------
DROP TABLE IF EXISTS `act_ge_property`;
CREATE TABLE `act_ge_property`  (
  `NAME_` varchar(64) CHARACTER SET utf8 COLLATE utf8_bin NOT NULL,
  `VALUE_` varchar(300) CHARACTER SET utf8 COLLATE utf8_bin NULL DEFAULT NULL,
  `REV_` int(0) NULL DEFAULT NULL,
  PRIMARY KEY (`NAME_`) USING BTREE
) ENGINE = InnoDB CHARACTER SET = utf8 COLLATE = utf8_bin ROW_FORMAT = Dynamic;

-- ----------------------------
-- Records of act_ge_property
-- ----------------------------
INSERT INTO `act_ge_property` VALUES ('cfg.execution-related-entities-count', 'false', 1);
INSERT INTO `act_ge_property` VALUES ('next.dbid', '7501', 4);
INSERT INTO `act_ge_property` VALUES ('schema.history', 'create(6.0.0.4)', 1);
INSERT INTO `act_ge_property` VALUES ('schema.version', '6.0.0.4', 1);

-- ----------------------------
-- Table structure for act_hi_actinst
-- ----------------------------
DROP TABLE IF EXISTS `act_hi_actinst`;
CREATE TABLE `act_hi_actinst`  (
  `ID_` varchar(64) CHARACTER SET utf8 COLLATE utf8_bin NOT NULL,
  `PROC_DEF_ID_` varchar(64) CHARACTER SET utf8 COLLATE utf8_bin NOT NULL,
  `PROC_INST_ID_` varchar(64) CHARACTER SET utf8 COLLATE utf8_bin NOT NULL,
  `EXECUTION_ID_` varchar(64) CHARACTER SET utf8 COLLATE utf8_bin NOT NULL,
  `ACT_ID_` varchar(255) CHARACTER SET utf8 COLLATE utf8_bin NOT NULL,
  `TASK_ID_` varchar(64) CHARACTER SET utf8 COLLATE utf8_bin NULL DEFAULT NULL,
  `CALL_PROC_INST_ID_` varchar(64) CHARACTER SET utf8 COLLATE utf8_bin NULL DEFAULT NULL,
  `ACT_NAME_` varchar(255) CHARACTER SET utf8 COLLATE utf8_bin NULL DEFAULT NULL,
  `ACT_TYPE_` varchar(255) CHARACTER SET utf8 COLLATE utf8_bin NOT NULL,
  `ASSIGNEE_` varchar(255) CHARACTER SET utf8 COLLATE utf8_bin NULL DEFAULT NULL,
  `START_TIME_` datetime(3) NOT NULL,
  `END_TIME_` datetime(3) NULL DEFAULT NULL,
  `DURATION_` bigint(0) NULL DEFAULT NULL,
  `DELETE_REASON_` varchar(4000) CHARACTER SET utf8 COLLATE utf8_bin NULL DEFAULT NULL,
  `TENANT_ID_` varchar(255) CHARACTER SET utf8 COLLATE utf8_bin NULL DEFAULT '',
  PRIMARY KEY (`ID_`) USING BTREE,
  INDEX `ACT_IDX_HI_ACT_INST_START`(`START_TIME_`) USING BTREE,
  INDEX `ACT_IDX_HI_ACT_INST_END`(`END_TIME_`) USING BTREE,
  INDEX `ACT_IDX_HI_ACT_INST_PROCINST`(`PROC_INST_ID_`, `ACT_ID_`) USING BTREE,
  INDEX `ACT_IDX_HI_ACT_INST_EXEC`(`EXECUTION_ID_`, `ACT_ID_`) USING BTREE
) ENGINE = InnoDB CHARACTER SET = utf8 COLLATE = utf8_bin ROW_FORMAT = Dynamic;

-- ----------------------------
-- Table structure for act_hi_attachment
-- ----------------------------
DROP TABLE IF EXISTS `act_hi_attachment`;
CREATE TABLE `act_hi_attachment`  (
  `ID_` varchar(64) CHARACTER SET utf8 COLLATE utf8_bin NOT NULL,
  `REV_` int(0) NULL DEFAULT NULL,
  `USER_ID_` varchar(255) CHARACTER SET utf8 COLLATE utf8_bin NULL DEFAULT NULL,
  `NAME_` varchar(255) CHARACTER SET utf8 COLLATE utf8_bin NULL DEFAULT NULL,
  `DESCRIPTION_` varchar(4000) CHARACTER SET utf8 COLLATE utf8_bin NULL DEFAULT NULL,
  `TYPE_` varchar(255) CHARACTER SET utf8 COLLATE utf8_bin NULL DEFAULT NULL,
  `TASK_ID_` varchar(64) CHARACTER SET utf8 COLLATE utf8_bin NULL DEFAULT NULL,
  `PROC_INST_ID_` varchar(64) CHARACTER SET utf8 COLLATE utf8_bin NULL DEFAULT NULL,
  `URL_` varchar(4000) CHARACTER SET utf8 COLLATE utf8_bin NULL DEFAULT NULL,
  `CONTENT_ID_` varchar(64) CHARACTER SET utf8 COLLATE utf8_bin NULL DEFAULT NULL,
  `TIME_` datetime(3) NULL DEFAULT NULL,
  PRIMARY KEY (`ID_`) USING BTREE
) ENGINE = InnoDB CHARACTER SET = utf8 COLLATE = utf8_bin ROW_FORMAT = Dynamic;

-- ----------------------------
-- Table structure for act_hi_comment
-- ----------------------------
DROP TABLE IF EXISTS `act_hi_comment`;
CREATE TABLE `act_hi_comment`  (
  `ID_` varchar(64) CHARACTER SET utf8 COLLATE utf8_bin NOT NULL,
  `TYPE_` varchar(255) CHARACTER SET utf8 COLLATE utf8_bin NULL DEFAULT NULL,
  `TIME_` datetime(3) NOT NULL,
  `USER_ID_` varchar(255) CHARACTER SET utf8 COLLATE utf8_bin NULL DEFAULT NULL,
  `TASK_ID_` varchar(64) CHARACTER SET utf8 COLLATE utf8_bin NULL DEFAULT NULL,
  `PROC_INST_ID_` varchar(64) CHARACTER SET utf8 COLLATE utf8_bin NULL DEFAULT NULL,
  `ACTION_` varchar(255) CHARACTER SET utf8 COLLATE utf8_bin NULL DEFAULT NULL,
  `MESSAGE_` varchar(4000) CHARACTER SET utf8 COLLATE utf8_bin NULL DEFAULT NULL,
  `FULL_MSG_` longblob NULL,
  PRIMARY KEY (`ID_`) USING BTREE
) ENGINE = InnoDB CHARACTER SET = utf8 COLLATE = utf8_bin ROW_FORMAT = Dynamic;

-- ----------------------------
-- Table structure for act_hi_detail
-- ----------------------------
DROP TABLE IF EXISTS `act_hi_detail`;
CREATE TABLE `act_hi_detail`  (
  `ID_` varchar(64) CHARACTER SET utf8 COLLATE utf8_bin NOT NULL,
  `TYPE_` varchar(255) CHARACTER SET utf8 COLLATE utf8_bin NOT NULL,
  `PROC_INST_ID_` varchar(64) CHARACTER SET utf8 COLLATE utf8_bin NULL DEFAULT NULL,
  `EXECUTION_ID_` varchar(64) CHARACTER SET utf8 COLLATE utf8_bin NULL DEFAULT NULL,
  `TASK_ID_` varchar(64) CHARACTER SET utf8 COLLATE utf8_bin NULL DEFAULT NULL,
  `ACT_INST_ID_` varchar(64) CHARACTER SET utf8 COLLATE utf8_bin NULL DEFAULT NULL,
  `NAME_` varchar(255) CHARACTER SET utf8 COLLATE utf8_bin NOT NULL,
  `VAR_TYPE_` varchar(255) CHARACTER SET utf8 COLLATE utf8_bin NULL DEFAULT NULL,
  `REV_` int(0) NULL DEFAULT NULL,
  `TIME_` datetime(3) NOT NULL,
  `BYTEARRAY_ID_` varchar(64) CHARACTER SET utf8 COLLATE utf8_bin NULL DEFAULT NULL,
  `DOUBLE_` double NULL DEFAULT NULL,
  `LONG_` bigint(0) NULL DEFAULT NULL,
  `TEXT_` varchar(4000) CHARACTER SET utf8 COLLATE utf8_bin NULL DEFAULT NULL,
  `TEXT2_` varchar(4000) CHARACTER SET utf8 COLLATE utf8_bin NULL DEFAULT NULL,
  PRIMARY KEY (`ID_`) USING BTREE,
  INDEX `ACT_IDX_HI_DETAIL_PROC_INST`(`PROC_INST_ID_`) USING BTREE,
  INDEX `ACT_IDX_HI_DETAIL_ACT_INST`(`ACT_INST_ID_`) USING BTREE,
  INDEX `ACT_IDX_HI_DETAIL_TIME`(`TIME_`) USING BTREE,
  INDEX `ACT_IDX_HI_DETAIL_NAME`(`NAME_`) USING BTREE,
  INDEX `ACT_IDX_HI_DETAIL_TASK_ID`(`TASK_ID_`) USING BTREE
) ENGINE = InnoDB CHARACTER SET = utf8 COLLATE = utf8_bin ROW_FORMAT = Dynamic;

-- ----------------------------
-- Table structure for act_hi_identitylink
-- ----------------------------
DROP TABLE IF EXISTS `act_hi_identitylink`;
CREATE TABLE `act_hi_identitylink`  (
  `ID_` varchar(64) CHARACTER SET utf8 COLLATE utf8_bin NOT NULL,
  `GROUP_ID_` varchar(255) CHARACTER SET utf8 COLLATE utf8_bin NULL DEFAULT NULL,
  `TYPE_` varchar(255) CHARACTER SET utf8 COLLATE utf8_bin NULL DEFAULT NULL,
  `USER_ID_` varchar(255) CHARACTER SET utf8 COLLATE utf8_bin NULL DEFAULT NULL,
  `TASK_ID_` varchar(64) CHARACTER SET utf8 COLLATE utf8_bin NULL DEFAULT NULL,
  `PROC_INST_ID_` varchar(64) CHARACTER SET utf8 COLLATE utf8_bin NULL DEFAULT NULL,
  PRIMARY KEY (`ID_`) USING BTREE,
  INDEX `ACT_IDX_HI_IDENT_LNK_USER`(`USER_ID_`) USING BTREE,
  INDEX `ACT_IDX_HI_IDENT_LNK_TASK`(`TASK_ID_`) USING BTREE,
  INDEX `ACT_IDX_HI_IDENT_LNK_PROCINST`(`PROC_INST_ID_`) USING BTREE
) ENGINE = InnoDB CHARACTER SET = utf8 COLLATE = utf8_bin ROW_FORMAT = Dynamic;

-- ----------------------------
-- Table structure for act_hi_procinst
-- ----------------------------
DROP TABLE IF EXISTS `act_hi_procinst`;
CREATE TABLE `act_hi_procinst`  (
  `ID_` varchar(64) CHARACTER SET utf8 COLLATE utf8_bin NOT NULL,
  `PROC_INST_ID_` varchar(64) CHARACTER SET utf8 COLLATE utf8_bin NOT NULL,
  `BUSINESS_KEY_` varchar(255) CHARACTER SET utf8 COLLATE utf8_bin NULL DEFAULT NULL,
  `PROC_DEF_ID_` varchar(64) CHARACTER SET utf8 COLLATE utf8_bin NOT NULL,
  `START_TIME_` datetime(3) NOT NULL,
  `END_TIME_` datetime(3) NULL DEFAULT NULL,
  `DURATION_` bigint(0) NULL DEFAULT NULL,
  `START_USER_ID_` varchar(255) CHARACTER SET utf8 COLLATE utf8_bin NULL DEFAULT NULL,
  `START_ACT_ID_` varchar(255) CHARACTER SET utf8 COLLATE utf8_bin NULL DEFAULT NULL,
  `END_ACT_ID_` varchar(255) CHARACTER SET utf8 COLLATE utf8_bin NULL DEFAULT NULL,
  `SUPER_PROCESS_INSTANCE_ID_` varchar(64) CHARACTER SET utf8 COLLATE utf8_bin NULL DEFAULT NULL,
  `DELETE_REASON_` varchar(4000) CHARACTER SET utf8 COLLATE utf8_bin NULL DEFAULT NULL,
  `TENANT_ID_` varchar(255) CHARACTER SET utf8 COLLATE utf8_bin NULL DEFAULT '',
  `NAME_` varchar(255) CHARACTER SET utf8 COLLATE utf8_bin NULL DEFAULT NULL,
  PRIMARY KEY (`ID_`) USING BTREE,
  UNIQUE INDEX `PROC_INST_ID_`(`PROC_INST_ID_`) USING BTREE,
  INDEX `ACT_IDX_HI_PRO_INST_END`(`END_TIME_`) USING BTREE,
  INDEX `ACT_IDX_HI_PRO_I_BUSKEY`(`BUSINESS_KEY_`) USING BTREE
) ENGINE = InnoDB CHARACTER SET = utf8 COLLATE = utf8_bin ROW_FORMAT = Dynamic;

-- ----------------------------
-- Table structure for act_hi_taskinst
-- ----------------------------
DROP TABLE IF EXISTS `act_hi_taskinst`;
CREATE TABLE `act_hi_taskinst`  (
  `ID_` varchar(64) CHARACTER SET utf8 COLLATE utf8_bin NOT NULL,
  `PROC_DEF_ID_` varchar(64) CHARACTER SET utf8 COLLATE utf8_bin NULL DEFAULT NULL,
  `TASK_DEF_KEY_` varchar(255) CHARACTER SET utf8 COLLATE utf8_bin NULL DEFAULT NULL,
  `PROC_INST_ID_` varchar(64) CHARACTER SET utf8 COLLATE utf8_bin NULL DEFAULT NULL,
  `EXECUTION_ID_` varchar(64) CHARACTER SET utf8 COLLATE utf8_bin NULL DEFAULT NULL,
  `NAME_` varchar(255) CHARACTER SET utf8 COLLATE utf8_bin NULL DEFAULT NULL,
  `PARENT_TASK_ID_` varchar(64) CHARACTER SET utf8 COLLATE utf8_bin NULL DEFAULT NULL,
  `DESCRIPTION_` varchar(4000) CHARACTER SET utf8 COLLATE utf8_bin NULL DEFAULT NULL,
  `OWNER_` varchar(255) CHARACTER SET utf8 COLLATE utf8_bin NULL DEFAULT NULL,
  `ASSIGNEE_` varchar(255) CHARACTER SET utf8 COLLATE utf8_bin NULL DEFAULT NULL,
  `START_TIME_` datetime(3) NOT NULL,
  `CLAIM_TIME_` datetime(3) NULL DEFAULT NULL,
  `END_TIME_` datetime(3) NULL DEFAULT NULL,
  `DURATION_` bigint(0) NULL DEFAULT NULL,
  `DELETE_REASON_` varchar(4000) CHARACTER SET utf8 COLLATE utf8_bin NULL DEFAULT NULL,
  `PRIORITY_` int(0) NULL DEFAULT NULL,
  `DUE_DATE_` datetime(3) NULL DEFAULT NULL,
  `FORM_KEY_` varchar(255) CHARACTER SET utf8 COLLATE utf8_bin NULL DEFAULT NULL,
  `CATEGORY_` varchar(255) CHARACTER SET utf8 COLLATE utf8_bin NULL DEFAULT NULL,
  `TENANT_ID_` varchar(255) CHARACTER SET utf8 COLLATE utf8_bin NULL DEFAULT '',
  PRIMARY KEY (`ID_`) USING BTREE,
  INDEX `ACT_IDX_HI_TASK_INST_PROCINST`(`PROC_INST_ID_`) USING BTREE
) ENGINE = InnoDB CHARACTER SET = utf8 COLLATE = utf8_bin ROW_FORMAT = Dynamic;

-- ----------------------------
-- Table structure for act_hi_varinst
-- ----------------------------
DROP TABLE IF EXISTS `act_hi_varinst`;
CREATE TABLE `act_hi_varinst`  (
  `ID_` varchar(64) CHARACTER SET utf8 COLLATE utf8_bin NOT NULL,
  `PROC_INST_ID_` varchar(64) CHARACTER SET utf8 COLLATE utf8_bin NULL DEFAULT NULL,
  `EXECUTION_ID_` varchar(64) CHARACTER SET utf8 COLLATE utf8_bin NULL DEFAULT NULL,
  `TASK_ID_` varchar(64) CHARACTER SET utf8 COLLATE utf8_bin NULL DEFAULT NULL,
  `NAME_` varchar(255) CHARACTER SET utf8 COLLATE utf8_bin NOT NULL,
  `VAR_TYPE_` varchar(100) CHARACTER SET utf8 COLLATE utf8_bin NULL DEFAULT NULL,
  `REV_` int(0) NULL DEFAULT NULL,
  `BYTEARRAY_ID_` varchar(64) CHARACTER SET utf8 COLLATE utf8_bin NULL DEFAULT NULL,
  `DOUBLE_` double NULL DEFAULT NULL,
  `LONG_` bigint(0) NULL DEFAULT NULL,
  `TEXT_` varchar(4000) CHARACTER SET utf8 COLLATE utf8_bin NULL DEFAULT NULL,
  `TEXT2_` varchar(4000) CHARACTER SET utf8 COLLATE utf8_bin NULL DEFAULT NULL,
  `CREATE_TIME_` datetime(3) NULL DEFAULT NULL,
  `LAST_UPDATED_TIME_` datetime(3) NULL DEFAULT NULL,
  PRIMARY KEY (`ID_`) USING BTREE,
  INDEX `ACT_IDX_HI_PROCVAR_PROC_INST`(`PROC_INST_ID_`) USING BTREE,
  INDEX `ACT_IDX_HI_PROCVAR_NAME_TYPE`(`NAME_`, `VAR_TYPE_`) USING BTREE,
  INDEX `ACT_IDX_HI_PROCVAR_TASK_ID`(`TASK_ID_`) USING BTREE
) ENGINE = InnoDB CHARACTER SET = utf8 COLLATE = utf8_bin ROW_FORMAT = Dynamic;

-- ----------------------------
-- Table structure for act_procdef_info
-- ----------------------------
DROP TABLE IF EXISTS `act_procdef_info`;
CREATE TABLE `act_procdef_info`  (
  `ID_` varchar(64) CHARACTER SET utf8 COLLATE utf8_bin NOT NULL,
  `PROC_DEF_ID_` varchar(64) CHARACTER SET utf8 COLLATE utf8_bin NOT NULL,
  `REV_` int(0) NULL DEFAULT NULL,
  `INFO_JSON_ID_` varchar(64) CHARACTER SET utf8 COLLATE utf8_bin NULL DEFAULT NULL,
  PRIMARY KEY (`ID_`) USING BTREE,
  UNIQUE INDEX `ACT_UNIQ_INFO_PROCDEF`(`PROC_DEF_ID_`) USING BTREE,
  INDEX `ACT_IDX_INFO_PROCDEF`(`PROC_DEF_ID_`) USING BTREE,
  INDEX `ACT_FK_INFO_JSON_BA`(`INFO_JSON_ID_`) USING BTREE,
  CONSTRAINT `ACT_FK_INFO_JSON_BA` FOREIGN KEY (`INFO_JSON_ID_`) REFERENCES `act_ge_bytearray` (`ID_`) ON DELETE RESTRICT ON UPDATE RESTRICT,
  CONSTRAINT `ACT_FK_INFO_PROCDEF` FOREIGN KEY (`PROC_DEF_ID_`) REFERENCES `act_re_procdef` (`ID_`) ON DELETE RESTRICT ON UPDATE RESTRICT
) ENGINE = InnoDB CHARACTER SET = utf8 COLLATE = utf8_bin ROW_FORMAT = Dynamic;

-- ----------------------------
-- Table structure for act_re_deployment
-- ----------------------------
DROP TABLE IF EXISTS `act_re_deployment`;
CREATE TABLE `act_re_deployment`  (
  `ID_` varchar(64) CHARACTER SET utf8 COLLATE utf8_bin NOT NULL,
  `NAME_` varchar(255) CHARACTER SET utf8 COLLATE utf8_bin NULL DEFAULT NULL,
  `CATEGORY_` varchar(255) CHARACTER SET utf8 COLLATE utf8_bin NULL DEFAULT NULL,
  `KEY_` varchar(255) CHARACTER SET utf8 COLLATE utf8_bin NULL DEFAULT NULL,
  `TENANT_ID_` varchar(255) CHARACTER SET utf8 COLLATE utf8_bin NULL DEFAULT '',
  `DEPLOY_TIME_` timestamp(3) NULL DEFAULT NULL,
  `ENGINE_VERSION_` varchar(255) CHARACTER SET utf8 COLLATE utf8_bin NULL DEFAULT NULL,
  PRIMARY KEY (`ID_`) USING BTREE
) ENGINE = InnoDB CHARACTER SET = utf8 COLLATE = utf8_bin ROW_FORMAT = Dynamic;

-- ----------------------------
-- Records of act_re_deployment
-- ----------------------------
INSERT INTO `act_re_deployment` VALUES ('1', 'SpringAutoDeployment', NULL, NULL, '', '2021-11-11 22:58:03.364', NULL);
INSERT INTO `act_re_deployment` VALUES ('2501', 'SpringAutoDeployment', NULL, NULL, '', '2021-12-09 10:30:33.366', NULL);
INSERT INTO `act_re_deployment` VALUES ('5001', 'SpringAutoDeployment', NULL, NULL, '', '2021-12-12 06:24:59.049', NULL);

-- ----------------------------
-- Table structure for act_re_model
-- ----------------------------
DROP TABLE IF EXISTS `act_re_model`;
CREATE TABLE `act_re_model`  (
  `ID_` varchar(64) CHARACTER SET utf8 COLLATE utf8_bin NOT NULL,
  `REV_` int(0) NULL DEFAULT NULL,
  `NAME_` varchar(255) CHARACTER SET utf8 COLLATE utf8_bin NULL DEFAULT NULL,
  `KEY_` varchar(255) CHARACTER SET utf8 COLLATE utf8_bin NULL DEFAULT NULL,
  `CATEGORY_` varchar(255) CHARACTER SET utf8 COLLATE utf8_bin NULL DEFAULT NULL,
  `CREATE_TIME_` timestamp(3) NULL DEFAULT NULL,
  `LAST_UPDATE_TIME_` timestamp(3) NULL DEFAULT NULL,
  `VERSION_` int(0) NULL DEFAULT NULL,
  `META_INFO_` varchar(4000) CHARACTER SET utf8 COLLATE utf8_bin NULL DEFAULT NULL,
  `DEPLOYMENT_ID_` varchar(64) CHARACTER SET utf8 COLLATE utf8_bin NULL DEFAULT NULL,
  `EDITOR_SOURCE_VALUE_ID_` varchar(64) CHARACTER SET utf8 COLLATE utf8_bin NULL DEFAULT NULL,
  `EDITOR_SOURCE_EXTRA_VALUE_ID_` varchar(64) CHARACTER SET utf8 COLLATE utf8_bin NULL DEFAULT NULL,
  `TENANT_ID_` varchar(255) CHARACTER SET utf8 COLLATE utf8_bin NULL DEFAULT '',
  PRIMARY KEY (`ID_`) USING BTREE,
  INDEX `ACT_FK_MODEL_SOURCE`(`EDITOR_SOURCE_VALUE_ID_`) USING BTREE,
  INDEX `ACT_FK_MODEL_SOURCE_EXTRA`(`EDITOR_SOURCE_EXTRA_VALUE_ID_`) USING BTREE,
  INDEX `ACT_FK_MODEL_DEPLOYMENT`(`DEPLOYMENT_ID_`) USING BTREE,
  CONSTRAINT `ACT_FK_MODEL_DEPLOYMENT` FOREIGN KEY (`DEPLOYMENT_ID_`) REFERENCES `act_re_deployment` (`ID_`) ON DELETE RESTRICT ON UPDATE RESTRICT,
  CONSTRAINT `ACT_FK_MODEL_SOURCE` FOREIGN KEY (`EDITOR_SOURCE_VALUE_ID_`) REFERENCES `act_ge_bytearray` (`ID_`) ON DELETE RESTRICT ON UPDATE RESTRICT,
  CONSTRAINT `ACT_FK_MODEL_SOURCE_EXTRA` FOREIGN KEY (`EDITOR_SOURCE_EXTRA_VALUE_ID_`) REFERENCES `act_ge_bytearray` (`ID_`) ON DELETE RESTRICT ON UPDATE RESTRICT
) ENGINE = InnoDB CHARACTER SET = utf8 COLLATE = utf8_bin ROW_FORMAT = Dynamic;

-- ----------------------------
-- Table structure for act_re_procdef
-- ----------------------------
DROP TABLE IF EXISTS `act_re_procdef`;
CREATE TABLE `act_re_procdef`  (
  `ID_` varchar(64) CHARACTER SET utf8 COLLATE utf8_bin NOT NULL,
  `REV_` int(0) NULL DEFAULT NULL,
  `CATEGORY_` varchar(255) CHARACTER SET utf8 COLLATE utf8_bin NULL DEFAULT NULL,
  `NAME_` varchar(255) CHARACTER SET utf8 COLLATE utf8_bin NULL DEFAULT NULL,
  `KEY_` varchar(255) CHARACTER SET utf8 COLLATE utf8_bin NOT NULL,
  `VERSION_` int(0) NOT NULL,
  `DEPLOYMENT_ID_` varchar(64) CHARACTER SET utf8 COLLATE utf8_bin NULL DEFAULT NULL,
  `RESOURCE_NAME_` varchar(4000) CHARACTER SET utf8 COLLATE utf8_bin NULL DEFAULT NULL,
  `DGRM_RESOURCE_NAME_` varchar(4000) CHARACTER SET utf8 COLLATE utf8_bin NULL DEFAULT NULL,
  `DESCRIPTION_` varchar(4000) CHARACTER SET utf8 COLLATE utf8_bin NULL DEFAULT NULL,
  `HAS_START_FORM_KEY_` tinyint(0) NULL DEFAULT NULL,
  `HAS_GRAPHICAL_NOTATION_` tinyint(0) NULL DEFAULT NULL,
  `SUSPENSION_STATE_` int(0) NULL DEFAULT NULL,
  `TENANT_ID_` varchar(255) CHARACTER SET utf8 COLLATE utf8_bin NULL DEFAULT '',
  `ENGINE_VERSION_` varchar(255) CHARACTER SET utf8 COLLATE utf8_bin NULL DEFAULT NULL,
  PRIMARY KEY (`ID_`) USING BTREE,
  UNIQUE INDEX `ACT_UNIQ_PROCDEF`(`KEY_`, `VERSION_`, `TENANT_ID_`) USING BTREE
) ENGINE = InnoDB CHARACTER SET = utf8 COLLATE = utf8_bin ROW_FORMAT = Dynamic;

-- ----------------------------
-- Records of act_re_procdef
-- ----------------------------
INSERT INTO `act_re_procdef` VALUES ('processes2:1:4', 1, 'http://www.activiti.org/testm1634607782887', NULL, 'processes2', 1, '1', 'D:\\doc\\study\\springboot-shelf\\aison-manage\\target\\classes\\processes\\processes2.bpmn', 'D:\\doc\\study\\springboot-shelf\\aison-manage\\target\\classes\\processes\\processes2.processes2.png', NULL, 0, 1, 1, '', NULL);
INSERT INTO `act_re_procdef` VALUES ('processes2:2:2504', 1, 'http://www.activiti.org/testm1634607782887', NULL, 'processes2', 2, '2501', 'D:\\doc\\learning\\springboot-shelf\\aison-manage\\target\\classes\\processes\\processes2.bpmn', 'D:\\doc\\learning\\springboot-shelf\\aison-manage\\target\\classes\\processes\\processes2.processes2.png', NULL, 0, 1, 1, '', NULL);
INSERT INTO `act_re_procdef` VALUES ('processes2:3:5004', 1, 'http://www.activiti.org/testm1634607782887', NULL, 'processes2', 3, '5001', 'D:\\doc\\study\\springboot-shelf\\aison-manage\\target\\classes\\processes\\processes2.bpmn', 'D:\\doc\\study\\springboot-shelf\\aison-manage\\target\\classes\\processes\\processes2.processes2.png', NULL, 0, 1, 1, '', NULL);

-- ----------------------------
-- Table structure for act_ru_deadletter_job
-- ----------------------------
DROP TABLE IF EXISTS `act_ru_deadletter_job`;
CREATE TABLE `act_ru_deadletter_job`  (
  `ID_` varchar(64) CHARACTER SET utf8 COLLATE utf8_bin NOT NULL,
  `REV_` int(0) NULL DEFAULT NULL,
  `TYPE_` varchar(255) CHARACTER SET utf8 COLLATE utf8_bin NOT NULL,
  `EXCLUSIVE_` tinyint(1) NULL DEFAULT NULL,
  `EXECUTION_ID_` varchar(64) CHARACTER SET utf8 COLLATE utf8_bin NULL DEFAULT NULL,
  `PROCESS_INSTANCE_ID_` varchar(64) CHARACTER SET utf8 COLLATE utf8_bin NULL DEFAULT NULL,
  `PROC_DEF_ID_` varchar(64) CHARACTER SET utf8 COLLATE utf8_bin NULL DEFAULT NULL,
  `EXCEPTION_STACK_ID_` varchar(64) CHARACTER SET utf8 COLLATE utf8_bin NULL DEFAULT NULL,
  `EXCEPTION_MSG_` varchar(4000) CHARACTER SET utf8 COLLATE utf8_bin NULL DEFAULT NULL,
  `DUEDATE_` timestamp(3) NULL DEFAULT NULL,
  `REPEAT_` varchar(255) CHARACTER SET utf8 COLLATE utf8_bin NULL DEFAULT NULL,
  `HANDLER_TYPE_` varchar(255) CHARACTER SET utf8 COLLATE utf8_bin NULL DEFAULT NULL,
  `HANDLER_CFG_` varchar(4000) CHARACTER SET utf8 COLLATE utf8_bin NULL DEFAULT NULL,
  `TENANT_ID_` varchar(255) CHARACTER SET utf8 COLLATE utf8_bin NULL DEFAULT '',
  PRIMARY KEY (`ID_`) USING BTREE,
  INDEX `ACT_FK_DEADLETTER_JOB_EXECUTION`(`EXECUTION_ID_`) USING BTREE,
  INDEX `ACT_FK_DEADLETTER_JOB_PROCESS_INSTANCE`(`PROCESS_INSTANCE_ID_`) USING BTREE,
  INDEX `ACT_FK_DEADLETTER_JOB_PROC_DEF`(`PROC_DEF_ID_`) USING BTREE,
  INDEX `ACT_FK_DEADLETTER_JOB_EXCEPTION`(`EXCEPTION_STACK_ID_`) USING BTREE,
  CONSTRAINT `ACT_FK_DEADLETTER_JOB_EXCEPTION` FOREIGN KEY (`EXCEPTION_STACK_ID_`) REFERENCES `act_ge_bytearray` (`ID_`) ON DELETE RESTRICT ON UPDATE RESTRICT,
  CONSTRAINT `ACT_FK_DEADLETTER_JOB_EXECUTION` FOREIGN KEY (`EXECUTION_ID_`) REFERENCES `act_ru_execution` (`ID_`) ON DELETE RESTRICT ON UPDATE RESTRICT,
  CONSTRAINT `ACT_FK_DEADLETTER_JOB_PROC_DEF` FOREIGN KEY (`PROC_DEF_ID_`) REFERENCES `act_re_procdef` (`ID_`) ON DELETE RESTRICT ON UPDATE RESTRICT,
  CONSTRAINT `ACT_FK_DEADLETTER_JOB_PROCESS_INSTANCE` FOREIGN KEY (`PROCESS_INSTANCE_ID_`) REFERENCES `act_ru_execution` (`ID_`) ON DELETE RESTRICT ON UPDATE RESTRICT
) ENGINE = InnoDB CHARACTER SET = utf8 COLLATE = utf8_bin ROW_FORMAT = Dynamic;

-- ----------------------------
-- Table structure for act_ru_event_subscr
-- ----------------------------
DROP TABLE IF EXISTS `act_ru_event_subscr`;
CREATE TABLE `act_ru_event_subscr`  (
  `ID_` varchar(64) CHARACTER SET utf8 COLLATE utf8_bin NOT NULL,
  `REV_` int(0) NULL DEFAULT NULL,
  `EVENT_TYPE_` varchar(255) CHARACTER SET utf8 COLLATE utf8_bin NOT NULL,
  `EVENT_NAME_` varchar(255) CHARACTER SET utf8 COLLATE utf8_bin NULL DEFAULT NULL,
  `EXECUTION_ID_` varchar(64) CHARACTER SET utf8 COLLATE utf8_bin NULL DEFAULT NULL,
  `PROC_INST_ID_` varchar(64) CHARACTER SET utf8 COLLATE utf8_bin NULL DEFAULT NULL,
  `ACTIVITY_ID_` varchar(64) CHARACTER SET utf8 COLLATE utf8_bin NULL DEFAULT NULL,
  `CONFIGURATION_` varchar(255) CHARACTER SET utf8 COLLATE utf8_bin NULL DEFAULT NULL,
  `CREATED_` timestamp(3) NOT NULL DEFAULT CURRENT_TIMESTAMP(3),
  `PROC_DEF_ID_` varchar(64) CHARACTER SET utf8 COLLATE utf8_bin NULL DEFAULT NULL,
  `TENANT_ID_` varchar(255) CHARACTER SET utf8 COLLATE utf8_bin NULL DEFAULT '',
  PRIMARY KEY (`ID_`) USING BTREE,
  INDEX `ACT_IDX_EVENT_SUBSCR_CONFIG_`(`CONFIGURATION_`) USING BTREE,
  INDEX `ACT_FK_EVENT_EXEC`(`EXECUTION_ID_`) USING BTREE,
  CONSTRAINT `ACT_FK_EVENT_EXEC` FOREIGN KEY (`EXECUTION_ID_`) REFERENCES `act_ru_execution` (`ID_`) ON DELETE RESTRICT ON UPDATE RESTRICT
) ENGINE = InnoDB CHARACTER SET = utf8 COLLATE = utf8_bin ROW_FORMAT = Dynamic;

-- ----------------------------
-- Table structure for act_ru_execution
-- ----------------------------
DROP TABLE IF EXISTS `act_ru_execution`;
CREATE TABLE `act_ru_execution`  (
  `ID_` varchar(64) CHARACTER SET utf8 COLLATE utf8_bin NOT NULL,
  `REV_` int(0) NULL DEFAULT NULL,
  `PROC_INST_ID_` varchar(64) CHARACTER SET utf8 COLLATE utf8_bin NULL DEFAULT NULL,
  `BUSINESS_KEY_` varchar(255) CHARACTER SET utf8 COLLATE utf8_bin NULL DEFAULT NULL,
  `PARENT_ID_` varchar(64) CHARACTER SET utf8 COLLATE utf8_bin NULL DEFAULT NULL,
  `PROC_DEF_ID_` varchar(64) CHARACTER SET utf8 COLLATE utf8_bin NULL DEFAULT NULL,
  `SUPER_EXEC_` varchar(64) CHARACTER SET utf8 COLLATE utf8_bin NULL DEFAULT NULL,
  `ROOT_PROC_INST_ID_` varchar(64) CHARACTER SET utf8 COLLATE utf8_bin NULL DEFAULT NULL,
  `ACT_ID_` varchar(255) CHARACTER SET utf8 COLLATE utf8_bin NULL DEFAULT NULL,
  `IS_ACTIVE_` tinyint(0) NULL DEFAULT NULL,
  `IS_CONCURRENT_` tinyint(0) NULL DEFAULT NULL,
  `IS_SCOPE_` tinyint(0) NULL DEFAULT NULL,
  `IS_EVENT_SCOPE_` tinyint(0) NULL DEFAULT NULL,
  `IS_MI_ROOT_` tinyint(0) NULL DEFAULT NULL,
  `SUSPENSION_STATE_` int(0) NULL DEFAULT NULL,
  `CACHED_ENT_STATE_` int(0) NULL DEFAULT NULL,
  `TENANT_ID_` varchar(255) CHARACTER SET utf8 COLLATE utf8_bin NULL DEFAULT '',
  `NAME_` varchar(255) CHARACTER SET utf8 COLLATE utf8_bin NULL DEFAULT NULL,
  `START_TIME_` datetime(3) NULL DEFAULT NULL,
  `START_USER_ID_` varchar(255) CHARACTER SET utf8 COLLATE utf8_bin NULL DEFAULT NULL,
  `LOCK_TIME_` timestamp(3) NULL DEFAULT NULL,
  `IS_COUNT_ENABLED_` tinyint(0) NULL DEFAULT NULL,
  `EVT_SUBSCR_COUNT_` int(0) NULL DEFAULT NULL,
  `TASK_COUNT_` int(0) NULL DEFAULT NULL,
  `JOB_COUNT_` int(0) NULL DEFAULT NULL,
  `TIMER_JOB_COUNT_` int(0) NULL DEFAULT NULL,
  `SUSP_JOB_COUNT_` int(0) NULL DEFAULT NULL,
  `DEADLETTER_JOB_COUNT_` int(0) NULL DEFAULT NULL,
  `VAR_COUNT_` int(0) NULL DEFAULT NULL,
  `ID_LINK_COUNT_` int(0) NULL DEFAULT NULL,
  PRIMARY KEY (`ID_`) USING BTREE,
  INDEX `ACT_IDX_EXEC_BUSKEY`(`BUSINESS_KEY_`) USING BTREE,
  INDEX `ACT_IDC_EXEC_ROOT`(`ROOT_PROC_INST_ID_`) USING BTREE,
  INDEX `ACT_FK_EXE_PROCINST`(`PROC_INST_ID_`) USING BTREE,
  INDEX `ACT_FK_EXE_PARENT`(`PARENT_ID_`) USING BTREE,
  INDEX `ACT_FK_EXE_SUPER`(`SUPER_EXEC_`) USING BTREE,
  INDEX `ACT_FK_EXE_PROCDEF`(`PROC_DEF_ID_`) USING BTREE,
  CONSTRAINT `ACT_FK_EXE_PARENT` FOREIGN KEY (`PARENT_ID_`) REFERENCES `act_ru_execution` (`ID_`) ON DELETE CASCADE ON UPDATE RESTRICT,
  CONSTRAINT `ACT_FK_EXE_PROCDEF` FOREIGN KEY (`PROC_DEF_ID_`) REFERENCES `act_re_procdef` (`ID_`) ON DELETE RESTRICT ON UPDATE RESTRICT,
  CONSTRAINT `ACT_FK_EXE_PROCINST` FOREIGN KEY (`PROC_INST_ID_`) REFERENCES `act_ru_execution` (`ID_`) ON DELETE CASCADE ON UPDATE CASCADE,
  CONSTRAINT `ACT_FK_EXE_SUPER` FOREIGN KEY (`SUPER_EXEC_`) REFERENCES `act_ru_execution` (`ID_`) ON DELETE CASCADE ON UPDATE RESTRICT
) ENGINE = InnoDB CHARACTER SET = utf8 COLLATE = utf8_bin ROW_FORMAT = Dynamic;

-- ----------------------------
-- Table structure for act_ru_identitylink
-- ----------------------------
DROP TABLE IF EXISTS `act_ru_identitylink`;
CREATE TABLE `act_ru_identitylink`  (
  `ID_` varchar(64) CHARACTER SET utf8 COLLATE utf8_bin NOT NULL,
  `REV_` int(0) NULL DEFAULT NULL,
  `GROUP_ID_` varchar(255) CHARACTER SET utf8 COLLATE utf8_bin NULL DEFAULT NULL,
  `TYPE_` varchar(255) CHARACTER SET utf8 COLLATE utf8_bin NULL DEFAULT NULL,
  `USER_ID_` varchar(255) CHARACTER SET utf8 COLLATE utf8_bin NULL DEFAULT NULL,
  `TASK_ID_` varchar(64) CHARACTER SET utf8 COLLATE utf8_bin NULL DEFAULT NULL,
  `PROC_INST_ID_` varchar(64) CHARACTER SET utf8 COLLATE utf8_bin NULL DEFAULT NULL,
  `PROC_DEF_ID_` varchar(64) CHARACTER SET utf8 COLLATE utf8_bin NULL DEFAULT NULL,
  PRIMARY KEY (`ID_`) USING BTREE,
  INDEX `ACT_IDX_IDENT_LNK_USER`(`USER_ID_`) USING BTREE,
  INDEX `ACT_IDX_IDENT_LNK_GROUP`(`GROUP_ID_`) USING BTREE,
  INDEX `ACT_IDX_ATHRZ_PROCEDEF`(`PROC_DEF_ID_`) USING BTREE,
  INDEX `ACT_FK_TSKASS_TASK`(`TASK_ID_`) USING BTREE,
  INDEX `ACT_FK_IDL_PROCINST`(`PROC_INST_ID_`) USING BTREE,
  CONSTRAINT `ACT_FK_ATHRZ_PROCEDEF` FOREIGN KEY (`PROC_DEF_ID_`) REFERENCES `act_re_procdef` (`ID_`) ON DELETE RESTRICT ON UPDATE RESTRICT,
  CONSTRAINT `ACT_FK_IDL_PROCINST` FOREIGN KEY (`PROC_INST_ID_`) REFERENCES `act_ru_execution` (`ID_`) ON DELETE RESTRICT ON UPDATE RESTRICT,
  CONSTRAINT `ACT_FK_TSKASS_TASK` FOREIGN KEY (`TASK_ID_`) REFERENCES `act_ru_task` (`ID_`) ON DELETE RESTRICT ON UPDATE RESTRICT
) ENGINE = InnoDB CHARACTER SET = utf8 COLLATE = utf8_bin ROW_FORMAT = Dynamic;

-- ----------------------------
-- Table structure for act_ru_job
-- ----------------------------
DROP TABLE IF EXISTS `act_ru_job`;
CREATE TABLE `act_ru_job`  (
  `ID_` varchar(64) CHARACTER SET utf8 COLLATE utf8_bin NOT NULL,
  `REV_` int(0) NULL DEFAULT NULL,
  `TYPE_` varchar(255) CHARACTER SET utf8 COLLATE utf8_bin NOT NULL,
  `LOCK_EXP_TIME_` timestamp(3) NULL DEFAULT NULL,
  `LOCK_OWNER_` varchar(255) CHARACTER SET utf8 COLLATE utf8_bin NULL DEFAULT NULL,
  `EXCLUSIVE_` tinyint(1) NULL DEFAULT NULL,
  `EXECUTION_ID_` varchar(64) CHARACTER SET utf8 COLLATE utf8_bin NULL DEFAULT NULL,
  `PROCESS_INSTANCE_ID_` varchar(64) CHARACTER SET utf8 COLLATE utf8_bin NULL DEFAULT NULL,
  `PROC_DEF_ID_` varchar(64) CHARACTER SET utf8 COLLATE utf8_bin NULL DEFAULT NULL,
  `RETRIES_` int(0) NULL DEFAULT NULL,
  `EXCEPTION_STACK_ID_` varchar(64) CHARACTER SET utf8 COLLATE utf8_bin NULL DEFAULT NULL,
  `EXCEPTION_MSG_` varchar(4000) CHARACTER SET utf8 COLLATE utf8_bin NULL DEFAULT NULL,
  `DUEDATE_` timestamp(3) NULL DEFAULT NULL,
  `REPEAT_` varchar(255) CHARACTER SET utf8 COLLATE utf8_bin NULL DEFAULT NULL,
  `HANDLER_TYPE_` varchar(255) CHARACTER SET utf8 COLLATE utf8_bin NULL DEFAULT NULL,
  `HANDLER_CFG_` varchar(4000) CHARACTER SET utf8 COLLATE utf8_bin NULL DEFAULT NULL,
  `TENANT_ID_` varchar(255) CHARACTER SET utf8 COLLATE utf8_bin NULL DEFAULT '',
  PRIMARY KEY (`ID_`) USING BTREE,
  INDEX `ACT_FK_JOB_EXECUTION`(`EXECUTION_ID_`) USING BTREE,
  INDEX `ACT_FK_JOB_PROCESS_INSTANCE`(`PROCESS_INSTANCE_ID_`) USING BTREE,
  INDEX `ACT_FK_JOB_PROC_DEF`(`PROC_DEF_ID_`) USING BTREE,
  INDEX `ACT_FK_JOB_EXCEPTION`(`EXCEPTION_STACK_ID_`) USING BTREE,
  CONSTRAINT `ACT_FK_JOB_EXCEPTION` FOREIGN KEY (`EXCEPTION_STACK_ID_`) REFERENCES `act_ge_bytearray` (`ID_`) ON DELETE RESTRICT ON UPDATE RESTRICT,
  CONSTRAINT `ACT_FK_JOB_EXECUTION` FOREIGN KEY (`EXECUTION_ID_`) REFERENCES `act_ru_execution` (`ID_`) ON DELETE RESTRICT ON UPDATE RESTRICT,
  CONSTRAINT `ACT_FK_JOB_PROC_DEF` FOREIGN KEY (`PROC_DEF_ID_`) REFERENCES `act_re_procdef` (`ID_`) ON DELETE RESTRICT ON UPDATE RESTRICT,
  CONSTRAINT `ACT_FK_JOB_PROCESS_INSTANCE` FOREIGN KEY (`PROCESS_INSTANCE_ID_`) REFERENCES `act_ru_execution` (`ID_`) ON DELETE RESTRICT ON UPDATE RESTRICT
) ENGINE = InnoDB CHARACTER SET = utf8 COLLATE = utf8_bin ROW_FORMAT = Dynamic;

-- ----------------------------
-- Table structure for act_ru_suspended_job
-- ----------------------------
DROP TABLE IF EXISTS `act_ru_suspended_job`;
CREATE TABLE `act_ru_suspended_job`  (
  `ID_` varchar(64) CHARACTER SET utf8 COLLATE utf8_bin NOT NULL,
  `REV_` int(0) NULL DEFAULT NULL,
  `TYPE_` varchar(255) CHARACTER SET utf8 COLLATE utf8_bin NOT NULL,
  `EXCLUSIVE_` tinyint(1) NULL DEFAULT NULL,
  `EXECUTION_ID_` varchar(64) CHARACTER SET utf8 COLLATE utf8_bin NULL DEFAULT NULL,
  `PROCESS_INSTANCE_ID_` varchar(64) CHARACTER SET utf8 COLLATE utf8_bin NULL DEFAULT NULL,
  `PROC_DEF_ID_` varchar(64) CHARACTER SET utf8 COLLATE utf8_bin NULL DEFAULT NULL,
  `RETRIES_` int(0) NULL DEFAULT NULL,
  `EXCEPTION_STACK_ID_` varchar(64) CHARACTER SET utf8 COLLATE utf8_bin NULL DEFAULT NULL,
  `EXCEPTION_MSG_` varchar(4000) CHARACTER SET utf8 COLLATE utf8_bin NULL DEFAULT NULL,
  `DUEDATE_` timestamp(3) NULL DEFAULT NULL,
  `REPEAT_` varchar(255) CHARACTER SET utf8 COLLATE utf8_bin NULL DEFAULT NULL,
  `HANDLER_TYPE_` varchar(255) CHARACTER SET utf8 COLLATE utf8_bin NULL DEFAULT NULL,
  `HANDLER_CFG_` varchar(4000) CHARACTER SET utf8 COLLATE utf8_bin NULL DEFAULT NULL,
  `TENANT_ID_` varchar(255) CHARACTER SET utf8 COLLATE utf8_bin NULL DEFAULT '',
  PRIMARY KEY (`ID_`) USING BTREE,
  INDEX `ACT_FK_SUSPENDED_JOB_EXECUTION`(`EXECUTION_ID_`) USING BTREE,
  INDEX `ACT_FK_SUSPENDED_JOB_PROCESS_INSTANCE`(`PROCESS_INSTANCE_ID_`) USING BTREE,
  INDEX `ACT_FK_SUSPENDED_JOB_PROC_DEF`(`PROC_DEF_ID_`) USING BTREE,
  INDEX `ACT_FK_SUSPENDED_JOB_EXCEPTION`(`EXCEPTION_STACK_ID_`) USING BTREE,
  CONSTRAINT `ACT_FK_SUSPENDED_JOB_EXCEPTION` FOREIGN KEY (`EXCEPTION_STACK_ID_`) REFERENCES `act_ge_bytearray` (`ID_`) ON DELETE RESTRICT ON UPDATE RESTRICT,
  CONSTRAINT `ACT_FK_SUSPENDED_JOB_EXECUTION` FOREIGN KEY (`EXECUTION_ID_`) REFERENCES `act_ru_execution` (`ID_`) ON DELETE RESTRICT ON UPDATE RESTRICT,
  CONSTRAINT `ACT_FK_SUSPENDED_JOB_PROC_DEF` FOREIGN KEY (`PROC_DEF_ID_`) REFERENCES `act_re_procdef` (`ID_`) ON DELETE RESTRICT ON UPDATE RESTRICT,
  CONSTRAINT `ACT_FK_SUSPENDED_JOB_PROCESS_INSTANCE` FOREIGN KEY (`PROCESS_INSTANCE_ID_`) REFERENCES `act_ru_execution` (`ID_`) ON DELETE RESTRICT ON UPDATE RESTRICT
) ENGINE = InnoDB CHARACTER SET = utf8 COLLATE = utf8_bin ROW_FORMAT = Dynamic;

-- ----------------------------
-- Table structure for act_ru_task
-- ----------------------------
DROP TABLE IF EXISTS `act_ru_task`;
CREATE TABLE `act_ru_task`  (
  `ID_` varchar(64) CHARACTER SET utf8 COLLATE utf8_bin NOT NULL,
  `REV_` int(0) NULL DEFAULT NULL,
  `EXECUTION_ID_` varchar(64) CHARACTER SET utf8 COLLATE utf8_bin NULL DEFAULT NULL,
  `PROC_INST_ID_` varchar(64) CHARACTER SET utf8 COLLATE utf8_bin NULL DEFAULT NULL,
  `PROC_DEF_ID_` varchar(64) CHARACTER SET utf8 COLLATE utf8_bin NULL DEFAULT NULL,
  `NAME_` varchar(255) CHARACTER SET utf8 COLLATE utf8_bin NULL DEFAULT NULL,
  `PARENT_TASK_ID_` varchar(64) CHARACTER SET utf8 COLLATE utf8_bin NULL DEFAULT NULL,
  `DESCRIPTION_` varchar(4000) CHARACTER SET utf8 COLLATE utf8_bin NULL DEFAULT NULL,
  `TASK_DEF_KEY_` varchar(255) CHARACTER SET utf8 COLLATE utf8_bin NULL DEFAULT NULL,
  `OWNER_` varchar(255) CHARACTER SET utf8 COLLATE utf8_bin NULL DEFAULT NULL,
  `ASSIGNEE_` varchar(255) CHARACTER SET utf8 COLLATE utf8_bin NULL DEFAULT NULL,
  `DELEGATION_` varchar(64) CHARACTER SET utf8 COLLATE utf8_bin NULL DEFAULT NULL,
  `PRIORITY_` int(0) NULL DEFAULT NULL,
  `CREATE_TIME_` timestamp(3) NULL DEFAULT NULL,
  `DUE_DATE_` datetime(3) NULL DEFAULT NULL,
  `CATEGORY_` varchar(255) CHARACTER SET utf8 COLLATE utf8_bin NULL DEFAULT NULL,
  `SUSPENSION_STATE_` int(0) NULL DEFAULT NULL,
  `TENANT_ID_` varchar(255) CHARACTER SET utf8 COLLATE utf8_bin NULL DEFAULT '',
  `FORM_KEY_` varchar(255) CHARACTER SET utf8 COLLATE utf8_bin NULL DEFAULT NULL,
  `CLAIM_TIME_` datetime(3) NULL DEFAULT NULL,
  PRIMARY KEY (`ID_`) USING BTREE,
  INDEX `ACT_IDX_TASK_CREATE`(`CREATE_TIME_`) USING BTREE,
  INDEX `ACT_FK_TASK_EXE`(`EXECUTION_ID_`) USING BTREE,
  INDEX `ACT_FK_TASK_PROCINST`(`PROC_INST_ID_`) USING BTREE,
  INDEX `ACT_FK_TASK_PROCDEF`(`PROC_DEF_ID_`) USING BTREE,
  CONSTRAINT `ACT_FK_TASK_EXE` FOREIGN KEY (`EXECUTION_ID_`) REFERENCES `act_ru_execution` (`ID_`) ON DELETE RESTRICT ON UPDATE RESTRICT,
  CONSTRAINT `ACT_FK_TASK_PROCDEF` FOREIGN KEY (`PROC_DEF_ID_`) REFERENCES `act_re_procdef` (`ID_`) ON DELETE RESTRICT ON UPDATE RESTRICT,
  CONSTRAINT `ACT_FK_TASK_PROCINST` FOREIGN KEY (`PROC_INST_ID_`) REFERENCES `act_ru_execution` (`ID_`) ON DELETE RESTRICT ON UPDATE RESTRICT
) ENGINE = InnoDB CHARACTER SET = utf8 COLLATE = utf8_bin ROW_FORMAT = Dynamic;

-- ----------------------------
-- Table structure for act_ru_timer_job
-- ----------------------------
DROP TABLE IF EXISTS `act_ru_timer_job`;
CREATE TABLE `act_ru_timer_job`  (
  `ID_` varchar(64) CHARACTER SET utf8 COLLATE utf8_bin NOT NULL,
  `REV_` int(0) NULL DEFAULT NULL,
  `TYPE_` varchar(255) CHARACTER SET utf8 COLLATE utf8_bin NOT NULL,
  `LOCK_EXP_TIME_` timestamp(3) NULL DEFAULT NULL,
  `LOCK_OWNER_` varchar(255) CHARACTER SET utf8 COLLATE utf8_bin NULL DEFAULT NULL,
  `EXCLUSIVE_` tinyint(1) NULL DEFAULT NULL,
  `EXECUTION_ID_` varchar(64) CHARACTER SET utf8 COLLATE utf8_bin NULL DEFAULT NULL,
  `PROCESS_INSTANCE_ID_` varchar(64) CHARACTER SET utf8 COLLATE utf8_bin NULL DEFAULT NULL,
  `PROC_DEF_ID_` varchar(64) CHARACTER SET utf8 COLLATE utf8_bin NULL DEFAULT NULL,
  `RETRIES_` int(0) NULL DEFAULT NULL,
  `EXCEPTION_STACK_ID_` varchar(64) CHARACTER SET utf8 COLLATE utf8_bin NULL DEFAULT NULL,
  `EXCEPTION_MSG_` varchar(4000) CHARACTER SET utf8 COLLATE utf8_bin NULL DEFAULT NULL,
  `DUEDATE_` timestamp(3) NULL DEFAULT NULL,
  `REPEAT_` varchar(255) CHARACTER SET utf8 COLLATE utf8_bin NULL DEFAULT NULL,
  `HANDLER_TYPE_` varchar(255) CHARACTER SET utf8 COLLATE utf8_bin NULL DEFAULT NULL,
  `HANDLER_CFG_` varchar(4000) CHARACTER SET utf8 COLLATE utf8_bin NULL DEFAULT NULL,
  `TENANT_ID_` varchar(255) CHARACTER SET utf8 COLLATE utf8_bin NULL DEFAULT '',
  PRIMARY KEY (`ID_`) USING BTREE,
  INDEX `ACT_FK_TIMER_JOB_EXECUTION`(`EXECUTION_ID_`) USING BTREE,
  INDEX `ACT_FK_TIMER_JOB_PROCESS_INSTANCE`(`PROCESS_INSTANCE_ID_`) USING BTREE,
  INDEX `ACT_FK_TIMER_JOB_PROC_DEF`(`PROC_DEF_ID_`) USING BTREE,
  INDEX `ACT_FK_TIMER_JOB_EXCEPTION`(`EXCEPTION_STACK_ID_`) USING BTREE,
  CONSTRAINT `ACT_FK_TIMER_JOB_EXCEPTION` FOREIGN KEY (`EXCEPTION_STACK_ID_`) REFERENCES `act_ge_bytearray` (`ID_`) ON DELETE RESTRICT ON UPDATE RESTRICT,
  CONSTRAINT `ACT_FK_TIMER_JOB_EXECUTION` FOREIGN KEY (`EXECUTION_ID_`) REFERENCES `act_ru_execution` (`ID_`) ON DELETE RESTRICT ON UPDATE RESTRICT,
  CONSTRAINT `ACT_FK_TIMER_JOB_PROC_DEF` FOREIGN KEY (`PROC_DEF_ID_`) REFERENCES `act_re_procdef` (`ID_`) ON DELETE RESTRICT ON UPDATE RESTRICT,
  CONSTRAINT `ACT_FK_TIMER_JOB_PROCESS_INSTANCE` FOREIGN KEY (`PROCESS_INSTANCE_ID_`) REFERENCES `act_ru_execution` (`ID_`) ON DELETE RESTRICT ON UPDATE RESTRICT
) ENGINE = InnoDB CHARACTER SET = utf8 COLLATE = utf8_bin ROW_FORMAT = Dynamic;

-- ----------------------------
-- Table structure for act_ru_variable
-- ----------------------------
DROP TABLE IF EXISTS `act_ru_variable`;
CREATE TABLE `act_ru_variable`  (
  `ID_` varchar(64) CHARACTER SET utf8 COLLATE utf8_bin NOT NULL,
  `REV_` int(0) NULL DEFAULT NULL,
  `TYPE_` varchar(255) CHARACTER SET utf8 COLLATE utf8_bin NOT NULL,
  `NAME_` varchar(255) CHARACTER SET utf8 COLLATE utf8_bin NOT NULL,
  `EXECUTION_ID_` varchar(64) CHARACTER SET utf8 COLLATE utf8_bin NULL DEFAULT NULL,
  `PROC_INST_ID_` varchar(64) CHARACTER SET utf8 COLLATE utf8_bin NULL DEFAULT NULL,
  `TASK_ID_` varchar(64) CHARACTER SET utf8 COLLATE utf8_bin NULL DEFAULT NULL,
  `BYTEARRAY_ID_` varchar(64) CHARACTER SET utf8 COLLATE utf8_bin NULL DEFAULT NULL,
  `DOUBLE_` double NULL DEFAULT NULL,
  `LONG_` bigint(0) NULL DEFAULT NULL,
  `TEXT_` varchar(4000) CHARACTER SET utf8 COLLATE utf8_bin NULL DEFAULT NULL,
  `TEXT2_` varchar(4000) CHARACTER SET utf8 COLLATE utf8_bin NULL DEFAULT NULL,
  PRIMARY KEY (`ID_`) USING BTREE,
  INDEX `ACT_IDX_VARIABLE_TASK_ID`(`TASK_ID_`) USING BTREE,
  INDEX `ACT_FK_VAR_EXE`(`EXECUTION_ID_`) USING BTREE,
  INDEX `ACT_FK_VAR_PROCINST`(`PROC_INST_ID_`) USING BTREE,
  INDEX `ACT_FK_VAR_BYTEARRAY`(`BYTEARRAY_ID_`) USING BTREE,
  CONSTRAINT `ACT_FK_VAR_BYTEARRAY` FOREIGN KEY (`BYTEARRAY_ID_`) REFERENCES `act_ge_bytearray` (`ID_`) ON DELETE RESTRICT ON UPDATE RESTRICT,
  CONSTRAINT `ACT_FK_VAR_EXE` FOREIGN KEY (`EXECUTION_ID_`) REFERENCES `act_ru_execution` (`ID_`) ON DELETE RESTRICT ON UPDATE RESTRICT,
  CONSTRAINT `ACT_FK_VAR_PROCINST` FOREIGN KEY (`PROC_INST_ID_`) REFERENCES `act_ru_execution` (`ID_`) ON DELETE RESTRICT ON UPDATE RESTRICT
) ENGINE = InnoDB CHARACTER SET = utf8 COLLATE = utf8_bin ROW_FORMAT = Dynamic;

-- ----------------------------
-- Table structure for m_info
-- ----------------------------
DROP TABLE IF EXISTS `m_info`;
CREATE TABLE `m_info`  (
  `m_oid` bigint(0) NOT NULL COMMENT '主键',
  `m_name` varchar(16) CHARACTER SET utf8 COLLATE utf8_general_ci NOT NULL COMMENT '名称',
  `m_type` varchar(8) CHARACTER SET utf8 COLLATE utf8_general_ci NOT NULL COMMENT '类型',
  `version` int(0) NOT NULL COMMENT '版本',
  `remark` varchar(255) CHARACTER SET utf8 COLLATE utf8_general_ci NULL DEFAULT NULL COMMENT '备注',
  `creator` varchar(16) CHARACTER SET utf8 COLLATE utf8_general_ci NULL DEFAULT NULL COMMENT '创建人',
  `create_time` datetime(0) NULL DEFAULT NULL COMMENT '创建时间',
  `updator` varchar(16) CHARACTER SET utf8 COLLATE utf8_general_ci NULL DEFAULT NULL COMMENT '修改人',
  `update_time` datetime(0) NULL DEFAULT NULL COMMENT '修改时间',
  PRIMARY KEY (`m_oid`) USING BTREE
) ENGINE = InnoDB CHARACTER SET = utf8 COLLATE = utf8_general_ci ROW_FORMAT = Dynamic;

-- ----------------------------
-- Records of m_info
-- ----------------------------
INSERT INTO `m_info` VALUES (885953463330586624, 'mybatisplus', 'orm', 1, 'rewt', 'hyb', '2021-09-13 10:43:35', NULL, NULL);
INSERT INTO `m_info` VALUES (886938185632231424, 'mybatisplus', 'orm', 1, 'rewt', NULL, '2021-09-13 11:35:42', NULL, NULL);
INSERT INTO `m_info` VALUES (886942580138749952, 'mybatisplus', 'orm', 1, 'rewt', NULL, NULL, NULL, NULL);
INSERT INTO `m_info` VALUES (886951132072947712, 'mybatisplus', 'orm', 1, '更新成功', 'hyb', '2021-09-13 12:27:09', 'hyb', '2021-09-13 14:03:40');

-- ----------------------------
-- Table structure for m_info_item
-- ----------------------------
DROP TABLE IF EXISTS `m_info_item`;
CREATE TABLE `m_info_item`  (
  `oid` bigint(0) NOT NULL COMMENT '主键',
  `name` varchar(16) CHARACTER SET utf8 COLLATE utf8_general_ci NULL DEFAULT NULL COMMENT '子集名称',
  `level` int(0) NULL DEFAULT NULL COMMENT '级别',
  `r_oid` bigint(0) NULL DEFAULT NULL COMMENT '外键',
  `creator` varchar(16) CHARACTER SET utf8 COLLATE utf8_general_ci NULL DEFAULT NULL COMMENT '创建人',
  `create_time` datetime(0) NULL DEFAULT NULL COMMENT '创建时间',
  `updator` varchar(16) CHARACTER SET utf8 COLLATE utf8_general_ci NULL DEFAULT NULL COMMENT '修改人',
  `update_time` datetime(0) NULL DEFAULT NULL COMMENT '修改时间',
  PRIMARY KEY (`oid`) USING BTREE
) ENGINE = InnoDB CHARACTER SET = utf8 COLLATE = utf8_general_ci ROW_FORMAT = Dynamic;

-- ----------------------------
-- Records of m_info_item
-- ----------------------------
INSERT INTO `m_info_item` VALUES (885953461230586624, 'config', 2, 885953463330586624, NULL, '2021-09-13 10:43:12', NULL, NULL);
INSERT INTO `m_info_item` VALUES (885953463330123624, 'cache', 1, 885953463330586624, NULL, NULL, NULL, NULL);

-- ----------------------------
-- Table structure for m_info_var
-- ----------------------------
DROP TABLE IF EXISTS `m_info_var`;
CREATE TABLE `m_info_var`  (
  `oid` bigint(0) NOT NULL,
  `v_name` varchar(32) CHARACTER SET utf8 COLLATE utf8_general_ci NULL DEFAULT NULL,
  `create_time` datetime(0) NULL DEFAULT NULL,
  `creator` varchar(32) CHARACTER SET utf8 COLLATE utf8_general_ci NULL DEFAULT NULL,
  `update_time` datetime(0) NULL DEFAULT NULL,
  `updator` varchar(32) CHARACTER SET utf8 COLLATE utf8_general_ci NULL DEFAULT NULL,
  `r_oid` bigint(0) NULL DEFAULT NULL,
  PRIMARY KEY (`oid`) USING BTREE
) ENGINE = InnoDB CHARACTER SET = utf8 COLLATE = utf8_general_ci ROW_FORMAT = Dynamic;

-- ----------------------------
-- Records of m_info_var
-- ----------------------------
INSERT INTO `m_info_var` VALUES (885953463314566624, '台风1', NULL, NULL, NULL, NULL, 886951132072947712);
INSERT INTO `m_info_var` VALUES (885953463334566624, '台风2', NULL, NULL, NULL, NULL, 886951132072947712);

-- ----------------------------
-- Table structure for nz_upload_file
-- ----------------------------
DROP TABLE IF EXISTS `nz_upload_file`;
CREATE TABLE `nz_upload_file`  (
  `id` bigint(0) NOT NULL,
  `uid` varchar(50) CHARACTER SET utf8 COLLATE utf8_general_ci NOT NULL,
  `name` varchar(255) CHARACTER SET utf8 COLLATE utf8_general_ci NULL DEFAULT NULL,
  `url` varchar(500) CHARACTER SET utf8 COLLATE utf8_general_ci NULL DEFAULT NULL,
  `status` varchar(50) CHARACTER SET utf8 COLLATE utf8_general_ci NULL DEFAULT NULL,
  `create_time` datetime(0) NULL DEFAULT NULL,
  `creator` varchar(50) CHARACTER SET utf8 COLLATE utf8_general_ci NULL DEFAULT NULL,
  `update_time` datetime(0) NULL DEFAULT NULL,
  `updator` varchar(50) CHARACTER SET utf8 COLLATE utf8_general_ci NULL DEFAULT NULL,
  PRIMARY KEY (`id`) USING BTREE
) ENGINE = InnoDB CHARACTER SET = utf8 COLLATE = utf8_general_ci ROW_FORMAT = Dynamic;

-- ----------------------------
-- Records of nz_upload_file
-- ----------------------------
INSERT INTO `nz_upload_file` VALUES (1530860313979805698, 'custom.png', 'custom.png', 'http://139.224.248.1:9000/company/custom.png?X-Amz-Algorithm=AWS4-HMAC-SHA256&X-Amz-Credential=minioadmin%2F20220529%2Fus-east-1%2Fs3%2Faws4_request&X-Amz-Date=20220529T103515Z&X-Amz-Expires=604800&X-Amz-SignedHeaders=host&X-Amz-Signature=8cc6136c883c726170e30bd26178396d33be3f738ae24c471f4a55348e50748c', 'done', '2022-05-29 18:35:16', 'hyb', NULL, NULL);
INSERT INTO `nz_upload_file` VALUES (1530866661798862849, 'recommon.png', 'recommon.png', 'http://139.224.248.1:9000/company/recommon.png?X-Amz-Algorithm=AWS4-HMAC-SHA256&X-Amz-Credential=minioadmin%2F20220529%2Fus-east-1%2Fs3%2Faws4_request&X-Amz-Date=20220529T110028Z&X-Amz-Expires=604800&X-Amz-SignedHeaders=host&X-Amz-Signature=5f20ebd344185d88368f80fae33e487e3d64d7123a888a32d1573b0bbef0c3df', 'done', '2022-05-29 19:00:29', 'hyb', NULL, NULL);
INSERT INTO `nz_upload_file` VALUES (1534841091545776130, 'aid.jpg', 'aid.jpg', 'http://139.224.248.1:9000/company/aid.jpg?X-Amz-Algorithm=AWS4-HMAC-SHA256&X-Amz-Credential=minioadmin%2F20220609%2Fus-east-1%2Fs3%2Faws4_request&X-Amz-Date=20220609T101326Z&X-Amz-Expires=604800&X-Amz-SignedHeaders=host&X-Amz-Signature=c135c77bd17a353dac6c33fd53f4d6b48c7961f8d293761cde10bf336cfcdb3f', 'done', '2022-06-09 18:13:27', 'hyb', NULL, NULL);
INSERT INTO `nz_upload_file` VALUES (1534841108977303554, 'zhifubao.jpg', 'zhifubao.jpg', 'http://139.224.248.1:9000/company/zhifubao.jpg?X-Amz-Algorithm=AWS4-HMAC-SHA256&X-Amz-Credential=minioadmin%2F20220609%2Fus-east-1%2Fs3%2Faws4_request&X-Amz-Date=20220609T101331Z&X-Amz-Expires=604800&X-Amz-SignedHeaders=host&X-Amz-Signature=655859e4a392330cb9de57089c9d85360d975138c8d54cfbb54f9cbf140365e7', 'done', '2022-06-09 18:13:31', 'hyb', NULL, NULL);

-- ----------------------------
-- Table structure for sys_dept
-- ----------------------------
DROP TABLE IF EXISTS `sys_dept`;
CREATE TABLE `sys_dept`  (
  `dept_id` int(0) NOT NULL AUTO_INCREMENT COMMENT '部门主键ID',
  `name` varchar(50) CHARACTER SET utf8mb4 COLLATE utf8mb4_bin NULL DEFAULT NULL COMMENT '部门名称',
  `sort` int(0) NULL DEFAULT NULL COMMENT '排序',
  `create_time` timestamp(0) NULL DEFAULT CURRENT_TIMESTAMP(0) COMMENT '创建时间',
  `update_time` timestamp(0) NULL DEFAULT CURRENT_TIMESTAMP(0) ON UPDATE CURRENT_TIMESTAMP(0) COMMENT '修改时间',
  `del_flag` char(1) CHARACTER SET utf8mb4 COLLATE utf8mb4_bin NULL DEFAULT '0' COMMENT '是否删除  -1：已删除  0：正常',
  `parent_id` int(0) NULL DEFAULT NULL COMMENT '上级部门',
  `tenant_id` int(0) NULL DEFAULT NULL COMMENT '租户id',
  PRIMARY KEY (`dept_id`) USING BTREE
) ENGINE = InnoDB CHARACTER SET = utf8mb4 COLLATE = utf8mb4_bin COMMENT = '部门管理' ROW_FORMAT = Dynamic;

-- ----------------------------
-- Table structure for sys_log
-- ----------------------------
DROP TABLE IF EXISTS `sys_log`;
CREATE TABLE `sys_log`  (
  `id` bigint(0) UNSIGNED NOT NULL COMMENT '日志表主键',
  `user_name` varchar(64) CHARACTER SET utf8 COLLATE utf8_general_ci NULL DEFAULT NULL COMMENT '用户名',
  `method` varchar(255) CHARACTER SET utf8 COLLATE utf8_general_ci NULL DEFAULT NULL COMMENT '方法名',
  `operation` varchar(64) CHARACTER SET utf8 COLLATE utf8_general_ci NULL DEFAULT NULL COMMENT '操作',
  `ip` varchar(16) CHARACTER SET utf8 COLLATE utf8_general_ci NULL DEFAULT NULL COMMENT 'IP地址',
  `creatime` datetime(0) NULL DEFAULT NULL COMMENT '操作时间',
  `log_type` int(2) UNSIGNED ZEROFILL NULL DEFAULT NULL COMMENT '操作类型，0登录，1操作',
  `request_param` varchar(255) CHARACTER SET utf8 COLLATE utf8_general_ci NULL DEFAULT NULL COMMENT '请求参数',
  `creator` varchar(32) CHARACTER SET utf8 COLLATE utf8_general_ci NULL DEFAULT NULL COMMENT '创建人',
  `updatime` datetime(0) NULL DEFAULT NULL COMMENT '更新时间',
  `updator` varchar(64) CHARACTER SET utf8 COLLATE utf8_general_ci NULL DEFAULT NULL COMMENT '更新人',
  `del_flag` char(1) CHARACTER SET utf8 COLLATE utf8_general_ci NULL DEFAULT NULL COMMENT '是否删除 0未删除，1删除',
  PRIMARY KEY (`id`) USING BTREE
) ENGINE = InnoDB CHARACTER SET = utf8 COLLATE = utf8_general_ci ROW_FORMAT = Dynamic;

-- ----------------------------
-- Table structure for sys_menu
-- ----------------------------
DROP TABLE IF EXISTS `sys_menu`;
CREATE TABLE `sys_menu`  (
  `menu_id` int(0) NOT NULL AUTO_INCREMENT COMMENT '菜单ID',
  `name` varchar(32) CHARACTER SET utf8mb4 COLLATE utf8mb4_bin NOT NULL COMMENT '菜单名称',
  `perms` varchar(32) CHARACTER SET utf8mb4 COLLATE utf8mb4_bin NULL DEFAULT NULL COMMENT '菜单权限标识',
  `path` varchar(128) CHARACTER SET utf8mb4 COLLATE utf8mb4_bin NULL DEFAULT NULL COMMENT '前端跳转URL',
  `component` varchar(255) CHARACTER SET utf8mb4 COLLATE utf8mb4_bin NULL DEFAULT NULL COMMENT '菜单组件',
  `parent_id` int(0) NULL DEFAULT NULL COMMENT '父菜单ID',
  `icon` varchar(32) CHARACTER SET utf8mb4 COLLATE utf8mb4_bin NULL DEFAULT NULL COMMENT '图标',
  `sort` int(0) NULL DEFAULT 1 COMMENT '排序',
  `type` char(1) CHARACTER SET utf8mb4 COLLATE utf8mb4_bin NULL DEFAULT NULL COMMENT '菜单类型 （类型   0：目录   1：菜单   2：按钮）',
  `create_time` timestamp(0) NULL DEFAULT CURRENT_TIMESTAMP(0) COMMENT '创建时间',
  `update_time` timestamp(0) NULL DEFAULT CURRENT_TIMESTAMP(0) ON UPDATE CURRENT_TIMESTAMP(0) COMMENT '更新时间',
  `del_flag` char(1) CHARACTER SET utf8mb4 COLLATE utf8mb4_bin NULL DEFAULT '0' COMMENT '逻辑删除标记(0--正常 1--删除)',
  `is_frame` tinyint(1) NULL DEFAULT NULL COMMENT '是否为外链',
  PRIMARY KEY (`menu_id`) USING BTREE
) ENGINE = InnoDB CHARACTER SET = utf8mb4 COLLATE = utf8mb4_bin COMMENT = '菜单权限表' ROW_FORMAT = Dynamic;

-- ----------------------------
-- Table structure for sys_role_dept
-- ----------------------------
DROP TABLE IF EXISTS `sys_role_dept`;
CREATE TABLE `sys_role_dept`  (
  `id` int(0) NOT NULL AUTO_INCREMENT COMMENT '部门主键ID',
  `role_id` int(0) NULL DEFAULT NULL COMMENT '角色ID',
  `dept_id` int(0) NULL DEFAULT NULL COMMENT '部门ID',
  PRIMARY KEY (`id`) USING BTREE
) ENGINE = InnoDB CHARACTER SET = utf8mb4 COLLATE = utf8mb4_bin COMMENT = '角色与部门对应关系' ROW_FORMAT = Dynamic;

-- ----------------------------
-- Table structure for sys_role_menu
-- ----------------------------
DROP TABLE IF EXISTS `sys_role_menu`;
CREATE TABLE `sys_role_menu`  (
  `id` int(0) NOT NULL AUTO_INCREMENT COMMENT '主键ID',
  `role_id` int(0) NOT NULL COMMENT '角色ID',
  `menu_id` int(0) NOT NULL COMMENT '菜单ID',
  PRIMARY KEY (`id`) USING BTREE,
  INDEX `index_role_id`(`role_id`) USING BTREE COMMENT '角色Id',
  INDEX `index_menu_id`(`menu_id`) USING BTREE COMMENT '菜单Id'
) ENGINE = InnoDB CHARACTER SET = utf8mb4 COLLATE = utf8mb4_bin COMMENT = '角色菜单表' ROW_FORMAT = Dynamic;

-- ----------------------------
-- Table structure for sys_tenant
-- ----------------------------
DROP TABLE IF EXISTS `sys_tenant`;
CREATE TABLE `sys_tenant`  (
  `id` int(0) NOT NULL AUTO_INCREMENT COMMENT '租户id',
  `name` varchar(255) CHARACTER SET utf8mb4 COLLATE utf8mb4_0900_ai_ci NULL DEFAULT NULL COMMENT '租户名称',
  `code` varchar(64) CHARACTER SET utf8mb4 COLLATE utf8mb4_0900_ai_ci NULL DEFAULT NULL COMMENT '租户编号',
  `start_time` timestamp(0) NULL DEFAULT NULL COMMENT '授权开始时间',
  `end_time` timestamp(0) NULL DEFAULT NULL COMMENT '授权结束时间',
  `status` int(0) NOT NULL DEFAULT 0 COMMENT '0正常 9-冻结',
  `del_flag` char(1) CHARACTER SET utf8mb4 COLLATE utf8mb4_0900_ai_ci NULL DEFAULT '0' COMMENT '删除标记',
  `create_time` timestamp(0) NOT NULL DEFAULT CURRENT_TIMESTAMP(0) COMMENT '创建时间',
  `update_time` timestamp(0) NOT NULL DEFAULT CURRENT_TIMESTAMP(0) ON UPDATE CURRENT_TIMESTAMP(0) COMMENT '更新时间',
  PRIMARY KEY (`id`) USING BTREE
) ENGINE = InnoDB AUTO_INCREMENT = 2 CHARACTER SET = utf8 COLLATE = utf8_general_ci COMMENT = '租户表' ROW_FORMAT = Dynamic;

-- ----------------------------
-- Records of sys_tenant
-- ----------------------------
INSERT INTO `sys_tenant` VALUES (1, '巴萨莱奥', '1', '2019-08-10 00:00:00', '2020-08-10 00:00:00', 0, '0', '2019-08-10 10:13:12', '2019-08-10 12:44:52');
INSERT INTO `sys_tenant` VALUES (2, '巴黎莱奥', '2', '2019-12-17 21:30:23', '2021-12-02 00:00:00', 0, '0', '2019-12-17 21:30:31', '2019-12-17 21:30:31');

-- ----------------------------
-- Table structure for sys_user
-- ----------------------------
DROP TABLE IF EXISTS `sys_user`;
CREATE TABLE `sys_user`  (
  `user_id` int(0) NOT NULL AUTO_INCREMENT COMMENT '主键ID',
  `username` varchar(64) CHARACTER SET utf8mb4 COLLATE utf8mb4_bin NOT NULL COMMENT '用户名',
  `password` varchar(255) CHARACTER SET utf8mb4 COLLATE utf8mb4_bin NOT NULL COMMENT '密码',
  `dept_id` int(0) NULL DEFAULT NULL COMMENT '部门ID',
  `job_id` int(0) NULL DEFAULT NULL COMMENT '岗位ID',
  `email` varchar(25) CHARACTER SET utf8mb4 COLLATE utf8mb4_bin NULL DEFAULT NULL COMMENT '邮箱',
  `phone` varchar(20) CHARACTER SET utf8mb4 COLLATE utf8mb4_bin NULL DEFAULT NULL COMMENT '手机号',
  `avatar` varchar(255) CHARACTER SET utf8mb4 COLLATE utf8mb4_bin NULL DEFAULT NULL COMMENT '头像',
  `create_time` timestamp(0) NULL DEFAULT CURRENT_TIMESTAMP(0) COMMENT '创建时间',
  `update_time` timestamp(0) NULL DEFAULT CURRENT_TIMESTAMP(0) ON UPDATE CURRENT_TIMESTAMP(0) COMMENT '修改时间',
  `lock_flag` char(1) CHARACTER SET utf8mb4 COLLATE utf8mb4_bin NULL DEFAULT '0' COMMENT '0-正常，1-锁定',
  `del_flag` char(1) CHARACTER SET utf8mb4 COLLATE utf8mb4_bin NULL DEFAULT '0' COMMENT '0-正常，1-删除',
  `tenant_id` int(0) NULL DEFAULT NULL COMMENT '租户id',
  PRIMARY KEY (`user_id`) USING BTREE,
  INDEX `user_idx_dept_id`(`dept_id`) USING BTREE
) ENGINE = InnoDB CHARACTER SET = utf8mb4 COLLATE = utf8mb4_bin COMMENT = '用户表' ROW_FORMAT = Dynamic;

-- ----------------------------
-- Table structure for t_menu
-- ----------------------------
DROP TABLE IF EXISTS `t_menu`;
CREATE TABLE `t_menu`  (
  `menu_id` bigint(0) NOT NULL COMMENT '菜单ID',
  `menu_name` varchar(20) CHARACTER SET utf8 COLLATE utf8_general_ci NULL DEFAULT NULL COMMENT '菜单名称',
  `creator` varchar(20) CHARACTER SET utf8 COLLATE utf8_general_ci NULL DEFAULT NULL COMMENT '创建人',
  `updator` varchar(20) CHARACTER SET utf8 COLLATE utf8_general_ci NULL DEFAULT NULL COMMENT '修改人',
  `create_time` datetime(0) NULL DEFAULT NULL COMMENT '创建时间',
  `update_time` datetime(0) NULL DEFAULT NULL COMMENT '修改时间',
  `del_flag` int(0) NULL DEFAULT NULL COMMENT '逻辑删除标识，0-正常，1-删除',
  `sort` int(0) NULL DEFAULT NULL COMMENT '排序',
  `type` char(1) CHARACTER SET utf8 COLLATE utf8_general_ci NULL DEFAULT NULL COMMENT '类型 0：菜单  1：按钮',
  `parent_id` bigint(0) NULL DEFAULT NULL COMMENT '父项ID',
  `path` varchar(128) CHARACTER SET utf8 COLLATE utf8_general_ci NULL DEFAULT NULL COMMENT '路径',
  `icon` varchar(32) CHARACTER SET utf8 COLLATE utf8_general_ci NULL DEFAULT NULL COMMENT '图标',
  PRIMARY KEY (`menu_id`) USING BTREE
) ENGINE = InnoDB CHARACTER SET = utf8 COLLATE = utf8_general_ci ROW_FORMAT = Dynamic;

-- ----------------------------
-- Records of t_menu
-- ----------------------------
INSERT INTO `t_menu` VALUES (100001, '首页', 'hyb', NULL, '2021-12-10 15:39:12', NULL, 0, 1, '0', 0, '/index', NULL);
INSERT INTO `t_menu` VALUES (100002, '系统管理', 'hyb', NULL, '2021-12-10 15:40:04', NULL, 0, 2, '0', 0, '/system', NULL);

-- ----------------------------
-- Table structure for t_permission
-- ----------------------------
DROP TABLE IF EXISTS `t_permission`;
CREATE TABLE `t_permission`  (
  `id` varchar(32) CHARACTER SET utf8 COLLATE utf8_general_ci NOT NULL,
  `code` varchar(32) CHARACTER SET utf8 COLLATE utf8_general_ci NOT NULL COMMENT '权限标识符',
  `description` varchar(64) CHARACTER SET utf8 COLLATE utf8_general_ci NULL DEFAULT NULL COMMENT '描述',
  `url` varchar(128) CHARACTER SET utf8 COLLATE utf8_general_ci NULL DEFAULT NULL COMMENT '请求地址',
  PRIMARY KEY (`id`) USING BTREE
) ENGINE = InnoDB CHARACTER SET = utf8 COLLATE = utf8_general_ci ROW_FORMAT = Dynamic;

-- ----------------------------
-- Records of t_permission
-- ----------------------------
INSERT INTO `t_permission` VALUES ('1', 'p1', '测试资源1', '/r/r1');
INSERT INTO `t_permission` VALUES ('2', 'p2', '测试资源2', '/r/r2');

-- ----------------------------
-- Table structure for t_role
-- ----------------------------
DROP TABLE IF EXISTS `t_role`;
CREATE TABLE `t_role`  (
  `role_id` bigint(0) NOT NULL COMMENT '角色ID',
  `role_name` varchar(20) CHARACTER SET utf8mb4 COLLATE utf8mb4_0900_ai_ci NULL DEFAULT NULL COMMENT '角色名称',
  `role_code` varchar(20) CHARACTER SET utf8mb4 COLLATE utf8mb4_0900_ai_ci NULL DEFAULT NULL COMMENT '角色编码',
  `creator` varchar(20) CHARACTER SET utf8mb4 COLLATE utf8mb4_0900_ai_ci NULL DEFAULT NULL COMMENT '创建人',
  `create_time` datetime(0) NULL DEFAULT NULL COMMENT '创建时间',
  `updator` varchar(20) CHARACTER SET utf8mb4 COLLATE utf8mb4_0900_ai_ci NULL DEFAULT NULL COMMENT '修改人',
  `update_time` datetime(0) NULL DEFAULT NULL COMMENT '修改时间',
  `del_flag` int(0) NULL DEFAULT NULL COMMENT '逻辑删除标识，0-正常，1-删除',
  PRIMARY KEY (`role_id`) USING BTREE
) ENGINE = InnoDB CHARACTER SET = utf8mb4 COLLATE = utf8mb4_0900_ai_ci ROW_FORMAT = Dynamic;

-- ----------------------------
-- Records of t_role
-- ----------------------------
INSERT INTO `t_role` VALUES (1001, '超级管理员', 'ROLE_admin', 'hyb', '2021-11-11 22:51:08', NULL, NULL, 0);
INSERT INTO `t_role` VALUES (1002, '普通用户', 'ROLE_User', 'hyb', '2021-11-11 22:51:41', NULL, NULL, 0);

-- ----------------------------
-- Table structure for t_role_menu
-- ----------------------------
DROP TABLE IF EXISTS `t_role_menu`;
CREATE TABLE `t_role_menu`  (
  `role_id` int(0) NOT NULL COMMENT '角色ID',
  `menu_id` int(0) NOT NULL COMMENT '菜单ID',
  `creator` varchar(20) CHARACTER SET utf8 COLLATE utf8_general_ci NULL DEFAULT NULL,
  `create_time` datetime(0) NULL DEFAULT NULL,
  `updator` varchar(20) CHARACTER SET utf8 COLLATE utf8_general_ci NULL DEFAULT NULL,
  `update_time` datetime(0) NULL DEFAULT NULL,
  `del_flag` int(0) NULL DEFAULT NULL,
  PRIMARY KEY (`role_id`, `menu_id`) USING BTREE
) ENGINE = InnoDB CHARACTER SET = utf8 COLLATE = utf8_general_ci ROW_FORMAT = Dynamic;

-- ----------------------------
-- Records of t_role_menu
-- ----------------------------
INSERT INTO `t_role_menu` VALUES (1001, 100001, 'hyb', '2021-12-10 15:41:00', NULL, NULL, 0);
INSERT INTO `t_role_menu` VALUES (1001, 100002, 'hyb', '2021-12-10 15:41:34', NULL, NULL, 0);
INSERT INTO `t_role_menu` VALUES (1002, 100001, 'hyb', '2021-12-10 15:42:13', NULL, NULL, 0);

-- ----------------------------
-- Table structure for t_role_permission
-- ----------------------------
DROP TABLE IF EXISTS `t_role_permission`;
CREATE TABLE `t_role_permission`  (
  `role_id` varchar(32) CHARACTER SET utf8 COLLATE utf8_general_ci NOT NULL,
  `permission_id` varchar(32) CHARACTER SET utf8 COLLATE utf8_general_ci NOT NULL,
  PRIMARY KEY (`role_id`, `permission_id`) USING BTREE
) ENGINE = InnoDB CHARACTER SET = utf8 COLLATE = utf8_general_ci ROW_FORMAT = Dynamic;

-- ----------------------------
-- Records of t_role_permission
-- ----------------------------
INSERT INTO `t_role_permission` VALUES ('1', '1');
INSERT INTO `t_role_permission` VALUES ('1', '2');

-- ----------------------------
-- Table structure for t_user
-- ----------------------------
DROP TABLE IF EXISTS `t_user`;
CREATE TABLE `t_user`  (
  `id` bigint(0) NOT NULL COMMENT '用户id',
  `username` varchar(64) CHARACTER SET utf8 COLLATE utf8_general_ci NOT NULL COMMENT '用户名',
  `password` varchar(64) CHARACTER SET utf8 COLLATE utf8_general_ci NOT NULL COMMENT '密码',
  `fullname` varchar(255) CHARACTER SET utf8 COLLATE utf8_general_ci NOT NULL COMMENT '用户全名',
  `mobile` varchar(11) CHARACTER SET utf8 COLLATE utf8_general_ci NOT NULL COMMENT '手机号',
  `enable` char(1) CHARACTER SET utf8 COLLATE utf8_general_ci NULL DEFAULT NULL COMMENT '是否启用',
  `creator` varchar(64) CHARACTER SET utf8 COLLATE utf8_general_ci NULL DEFAULT NULL COMMENT '创建人',
  `create_time` datetime(0) NULL DEFAULT NULL COMMENT '创建时间',
  `updator` varchar(64) CHARACTER SET utf8 COLLATE utf8_general_ci NULL DEFAULT NULL COMMENT '修改人',
  `update_time` datetime(0) NULL DEFAULT NULL COMMENT '修改时间',
  `del_flag` int(0) NULL DEFAULT NULL COMMENT '逻辑删除标识，0-正常，1-删除',
  `ip` bigint(0) NULL DEFAULT NULL COMMENT '登录IP',
  PRIMARY KEY (`id`) USING BTREE
) ENGINE = InnoDB CHARACTER SET = utf8 COLLATE = utf8_general_ci ROW_FORMAT = Dynamic;

-- ----------------------------
-- Records of t_user
-- ----------------------------
INSERT INTO `t_user` VALUES (1, 'zhangsan', '$2a$10$iP3L69L6tqh0rv1KeL8pd.MINBC8rrZlT13EkVV.rwbWpefO/kaDG', '张三', '13856565656', '0', NULL, NULL, NULL, NULL, 0, NULL);
INSERT INTO `t_user` VALUES (2, 'lisi', '$2a$10$O5GasI8Ta2RF1XeMPQ2nJuaIAVGQPWPBGYosj.CncSLLl8W1xUOI6', '李四', '13945454545', '0', NULL, NULL, NULL, NULL, 0, NULL);

-- ----------------------------
-- Table structure for t_user_role
-- ----------------------------
DROP TABLE IF EXISTS `t_user_role`;
CREATE TABLE `t_user_role`  (
  `user_id` varchar(32) CHARACTER SET utf8 COLLATE utf8_general_ci NOT NULL,
  `role_id` varchar(32) CHARACTER SET utf8 COLLATE utf8_general_ci NOT NULL,
  `creator` varchar(20) CHARACTER SET utf8 COLLATE utf8_general_ci NULL DEFAULT NULL,
  `create_time` datetime(0) NULL DEFAULT NULL,
  `updator` varchar(20) CHARACTER SET utf8 COLLATE utf8_general_ci NULL DEFAULT NULL,
  `update_time` datetime(0) NULL DEFAULT NULL,
  `del_flag` int(0) NULL DEFAULT NULL
) ENGINE = InnoDB CHARACTER SET = utf8 COLLATE = utf8_general_ci ROW_FORMAT = Dynamic;

-- ----------------------------
-- Records of t_user_role
-- ----------------------------
INSERT INTO `t_user_role` VALUES ('1', '1001', 'hyb', '2021-11-11 22:52:18', NULL, NULL, 0);

-- ----------------------------
-- Table structure for wx_brokerage
-- ----------------------------
DROP TABLE IF EXISTS `wx_brokerage`;
CREATE TABLE `wx_brokerage`  (
  `id` bigint(0) NOT NULL COMMENT '系统ID',
  `cus_name` varchar(50) CHARACTER SET utf8mb4 COLLATE utf8mb4_0900_ai_ci NULL DEFAULT NULL COMMENT '客户姓名',
  `cus_id` bigint(0) NULL DEFAULT NULL COMMENT '客户ID',
  `company_name` varchar(50) CHARACTER SET utf8mb4 COLLATE utf8mb4_0900_ai_ci NULL DEFAULT NULL COMMENT '面试公司名称',
  `company_id` bigint(0) NULL DEFAULT NULL COMMENT '面试公司ID',
  `brokerage` int(0) NULL DEFAULT NULL COMMENT '佣金',
  `is_settle` char(1) CHARACTER SET utf8mb4 COLLATE utf8mb4_0900_ai_ci NULL DEFAULT NULL COMMENT '是否结佣',
  `recomment_name` varchar(50) CHARACTER SET utf8mb4 COLLATE utf8mb4_0900_ai_ci NULL DEFAULT NULL COMMENT '推荐人姓名',
  `recomment_id` bigint(0) NULL DEFAULT NULL COMMENT '推荐人ID',
  `interview_time` datetime(0) NULL DEFAULT NULL COMMENT '面试时间',
  `induction_time` datetime(0) NULL DEFAULT NULL COMMENT '入职时间',
  `leave_office_time` datetime(0) NULL DEFAULT NULL COMMENT '离职时间',
  `status` int(0) NULL DEFAULT NULL COMMENT '客户状态 0：待面试 1：已面试 2：已入职 3：已离职',
  `del_flag` int(0) NULL DEFAULT NULL COMMENT '删除标识 0：未删除 1：已删除',
  `create_time` datetime(0) NULL DEFAULT NULL COMMENT '创建时间',
  `creator` varchar(50) CHARACTER SET utf8mb4 COLLATE utf8mb4_0900_ai_ci NULL DEFAULT NULL COMMENT '创建人',
  `update_time` datetime(0) NULL DEFAULT NULL COMMENT '修改时间',
  `updator` varchar(50) CHARACTER SET utf8mb4 COLLATE utf8mb4_0900_ai_ci NULL DEFAULT NULL COMMENT '修改人',
  PRIMARY KEY (`id`) USING BTREE
) ENGINE = InnoDB CHARACTER SET = utf8mb4 COLLATE = utf8mb4_0900_ai_ci ROW_FORMAT = Dynamic;

-- ----------------------------
-- Records of wx_brokerage
-- ----------------------------
INSERT INTO `wx_brokerage` VALUES (1519955913967028962, '刘旺', 1523960352805675009, '上海爱德华有限公司', 1514240749410156545, 60, '0', '韩银波', 1518858277499334657, '2022-05-11 11:12:19', '2022-05-11 11:12:27', '2022-05-11 11:12:31', 1, 0, '2022-05-11 11:12:42', 'hyb', '2022-05-11 16:31:23', 'hyb');
INSERT INTO `wx_brokerage` VALUES (1524649301123428353, '刘能', 1524649262984622082, '上海爱动力科技有限公司', 1524624353814331393, NULL, '0', '韩银波', 1518858277499334657, '2022-05-12 15:14:55', NULL, NULL, 1, NULL, '2022-05-12 15:14:55', 'hyb', NULL, NULL);
INSERT INTO `wx_brokerage` VALUES (1524660251385802754, '李四', 1524660130682122242, '上海快鱼有限公司', 1514244243521241089, NULL, '0', '韩银波', 1518858277499334657, '2022-05-12 15:58:25', NULL, NULL, 1, NULL, '2022-05-12 15:58:25', 'hyb', NULL, NULL);
INSERT INTO `wx_brokerage` VALUES (1524662373850419201, '费拉', 1524662286772473858, '上海忒哦有限公司', 1515597862141059073, NULL, '0', '爱德华', 1518859597216116737, '2022-05-12 16:06:51', NULL, NULL, 1, NULL, '2022-05-12 16:06:51', 'hyb', NULL, NULL);
INSERT INTO `wx_brokerage` VALUES (1524666416421306370, '二蛋', 1524661895964004354, '上海忒哦娥有限公司', 1515598015375761409, NULL, '0', '韩银波', 1518858277499334657, '2022-05-12 16:10:10', NULL, NULL, 1, NULL, '2022-05-12 16:22:55', 'hyb', NULL, NULL);
INSERT INTO `wx_brokerage` VALUES (1524670678048051202, '艾东', 1524670315303669762, '上海唯一有限公司', 1524666822463459329, NULL, '0', '韩银波', 1518858277499334657, '2022-05-12 16:39:51', NULL, NULL, 1, NULL, '2022-05-12 16:39:51', 'hyb', NULL, NULL);
INSERT INTO `wx_brokerage` VALUES (1524673842063216641, '爱豆', 1524672525177589762, '上海唯一有限公司', 1524666822463459329, 89, '0', '韩银波', 1518858277499334657, '2022-05-12 16:51:36', NULL, NULL, 1, NULL, '2022-05-12 16:52:26', 'hyb', NULL, NULL);
INSERT INTO `wx_brokerage` VALUES (1524793514880282626, '方世玉', 1524792444091260929, '上海唯一有限公司', 1524666822463459329, NULL, '0', '韩银波', 1518858277499334657, '2022-05-13 00:47:58', NULL, NULL, 1, NULL, '2022-05-13 00:47:58', 'hyb', NULL, NULL);
INSERT INTO `wx_brokerage` VALUES (1524799116973088769, '李天', 1524797211844685826, '上海五朵科技有限公司', 1524794284526678018, 100, '0', '韩银波', 1518858277499334657, '2022-05-13 01:07:55', NULL, NULL, 1, NULL, '2022-05-13 01:10:14', 'hyb', NULL, NULL);

-- ----------------------------
-- Table structure for wx_company
-- ----------------------------
DROP TABLE IF EXISTS `wx_company`;
CREATE TABLE `wx_company`  (
  `id` bigint(0) NOT NULL COMMENT '系统ID',
  `company_name` varchar(100) CHARACTER SET utf8mb4 COLLATE utf8mb4_0900_ai_ci NULL DEFAULT NULL COMMENT '公司名称',
  `company_code` varchar(50) CHARACTER SET utf8mb4 COLLATE utf8mb4_0900_ai_ci NULL DEFAULT NULL COMMENT '公司编码',
  `introduce` varchar(1000) CHARACTER SET utf8mb4 COLLATE utf8mb4_0900_ai_ci NULL DEFAULT NULL COMMENT '公司简介',
  `address` varchar(255) CHARACTER SET utf8mb4 COLLATE utf8mb4_0900_ai_ci NULL DEFAULT NULL COMMENT '公司地址',
  `industry` varchar(50) CHARACTER SET utf8mb4 COLLATE utf8mb4_0900_ai_ci NULL DEFAULT NULL COMMENT '所在行业',
  `region` varchar(100) CHARACTER SET utf8mb4 COLLATE utf8mb4_0900_ai_ci NULL DEFAULT NULL COMMENT '所在区域',
  `del_flag` int(0) NULL DEFAULT NULL COMMENT '删除标识',
  `create_time` datetime(0) NULL DEFAULT NULL COMMENT '创建时间',
  `creator` varchar(50) CHARACTER SET utf8mb4 COLLATE utf8mb4_0900_ai_ci NULL DEFAULT NULL COMMENT '创建人',
  `update_time` datetime(0) NULL DEFAULT NULL COMMENT '修改时间',
  `updator` varchar(50) CHARACTER SET utf8mb4 COLLATE utf8mb4_0900_ai_ci NULL DEFAULT NULL COMMENT '修改人',
  PRIMARY KEY (`id`) USING BTREE
) ENGINE = InnoDB CHARACTER SET = utf8mb4 COLLATE = utf8mb4_0900_ai_ci ROW_FORMAT = Dynamic;

-- ----------------------------
-- Records of wx_company
-- ----------------------------
INSERT INTO `wx_company` VALUES (1514200128137875458, '上海伊泰特伦有限公司', '2001', '上海伊泰特伦有限公司', '上海市闵行区梅陇镇2200弄', '电子设备', '上海市闵行区', 0, '2022-04-13 19:13:38', 'hyb', '2022-04-17 15:21:27', 'hyb');
INSERT INTO `wx_company` VALUES (1514240749410156545, '上海爱德华有限公司', '2001', '上海爱德华有限公司', '上海市普陀区', '互联网', '上海市普陀区', 0, '2022-04-13 21:55:03', 'hyb', NULL, NULL);
INSERT INTO `wx_company` VALUES (1514244243521241089, '上海快鱼有限公司', '2001', '上海快鱼有限公司', '上海闵行区', '互联网', '上海市闵行区', 0, '2022-04-13 22:08:56', 'hyb', NULL, NULL);
INSERT INTO `wx_company` VALUES (1514264195569430530, '上海爱支付科技有限公司', '2001', '上海爱支付科技有限公司', '上海市松江区', '互联网', '华北', 0, '2022-04-13 23:28:13', 'hyb', NULL, NULL);
INSERT INTO `wx_company` VALUES (1514271217870319617, '上海奥里给科技有限公司', '2001', '上海奥里给科技有限公司', '上海闵行区', '互联网', '上海市闵行区', 0, '2022-04-13 23:56:07', 'hyb', NULL, NULL);
INSERT INTO `wx_company` VALUES (1515591761785937921, '上海爱美科技有限公司', '2001', '上海爱美科技有限公司', '上海市闵行区吴泾镇', '互联网', '879', 0, '2022-04-17 15:23:29', 'hyb', NULL, NULL);
INSERT INTO `wx_company` VALUES (1515597862141059073, '上海忒哦有限公司', '2001', '上海忒哦有限公司', '上海市闵行区', '互联网', '上海市闵行区', 0, '2022-04-17 15:47:43', 'hyb', NULL, NULL);
INSERT INTO `wx_company` VALUES (1515598015375761409, '上海忒哦娥有限公司', '2001', '上海忒哦娥有限公司', '上海市闵行区', '互联网', '上海市闵行区', 0, '2022-04-17 15:48:20', 'hyb', NULL, NULL);
INSERT INTO `wx_company` VALUES (1515598049072799746, '上海忒哦娥娥有限公司', '2001', '上海忒哦娥娥有限公司', '上海市闵行区', '互联网', '上海市闵行区', 0, '2022-04-17 15:48:28', 'hyb', NULL, NULL);
INSERT INTO `wx_company` VALUES (1515598105821732865, '上海忒e哦娥娥有限公司', '2001', '上海忒哦e娥娥有限公司', '上海市闵行区', '互联网', '上海市闵行区', 0, '2022-04-17 15:48:42', 'hyb', NULL, NULL);
INSERT INTO `wx_company` VALUES (1515598291063169025, '上海赢得上有限公司', '2001', '上海赢得上有限公司', '上海市闵行区', '互联网', '上海市闵行区', 0, '2022-04-17 15:49:26', 'hyb', NULL, NULL);
INSERT INTO `wx_company` VALUES (1515598340841168898, '上海赢得上e有限公司', '2001', '上海赢得上e有限公司', '上海市闵行区', '互联网', '上海市闵行区', 0, '2022-04-17 15:49:38', 'hyb', NULL, NULL);
INSERT INTO `wx_company` VALUES (1524624353814331393, '上海爱动力科技有限公司', '2001', '上海爱动力科技有限公司\n 1.致力于物联网设备互通', '上海市闵行区吴泾镇390弄', '互联网', '上海', 0, '2022-05-12 13:35:47', 'hyb', NULL, NULL);
INSERT INTO `wx_company` VALUES (1524666822463459329, '上海唯一有限公司', '2001', '上海唯一有限公司\n1.1\n2.2', '上海市闵行区', '互联网', '上海市', 0, '2022-05-12 16:24:32', 'hyb', NULL, NULL);
INSERT INTO `wx_company` VALUES (1530860328370462721, '上海测试2', '2001', '上海测试2', '上海测试2', '上海测试2', '上海测试2', 0, '2022-05-29 18:35:19', 'hyb', NULL, NULL);
INSERT INTO `wx_company` VALUES (1530866669197615105, 'we', '2001', 'e', 'e', 'e', 'e', 0, '2022-05-29 19:00:31', 'hyb', NULL, NULL);
INSERT INTO `wx_company` VALUES (1534841128183021569, '上海全懂咯', '2001', '上海闵行', '上海闵行', '电子设备', '上海', 0, '2022-06-09 18:13:36', 'hyb', NULL, NULL);
INSERT INTO `wx_company` VALUES (1535258511272017922, 'efe', '2001', 'd', 'd', 'e', 'd', 0, '2022-06-10 21:52:07', 'hyb', NULL, NULL);
INSERT INTO `wx_company` VALUES (1535262870131146753, 'fef', '2001', 'fe', 'fe', 'fe', 'fe', 0, '2022-06-10 22:09:27', 'hyb', NULL, NULL);

-- ----------------------------
-- Table structure for wx_company_detail_img
-- ----------------------------
DROP TABLE IF EXISTS `wx_company_detail_img`;
CREATE TABLE `wx_company_detail_img`  (
  `id` bigint(0) NOT NULL,
  `img_name` varchar(50) CHARACTER SET utf8mb4 COLLATE utf8mb4_0900_ai_ci NULL DEFAULT NULL,
  `img_url` varchar(500) CHARACTER SET utf8mb4 COLLATE utf8mb4_0900_ai_ci NULL DEFAULT NULL,
  `company_id` bigint(0) NULL DEFAULT NULL,
  `create_time` datetime(0) NULL DEFAULT NULL,
  `creator` varchar(50) CHARACTER SET utf8mb4 COLLATE utf8mb4_0900_ai_ci NULL DEFAULT NULL,
  `update_time` datetime(0) NULL DEFAULT NULL,
  `updator` varchar(50) CHARACTER SET utf8mb4 COLLATE utf8mb4_0900_ai_ci NULL DEFAULT NULL,
  PRIMARY KEY (`id`) USING BTREE
) ENGINE = InnoDB CHARACTER SET = utf8mb4 COLLATE = utf8mb4_0900_ai_ci ROW_FORMAT = Dynamic;

-- ----------------------------
-- Records of wx_company_detail_img
-- ----------------------------
INSERT INTO `wx_company_detail_img` VALUES (1, '支付宝大门', 'http://139.224.248.1:9000/swiper/swiper1.jpg', 1514200128137875458, '2022-03-16 21:30:41', 'hyb', NULL, NULL);
INSERT INTO `wx_company_detail_img` VALUES (2, '支付宝后门', 'http://139.224.248.1:9000/swiper/swiper1.jpg', 1514200128137875458, '2022-03-16 21:31:49', 'hyb', NULL, NULL);
INSERT INTO `wx_company_detail_img` VALUES (3, '支付宝大厅', 'http://139.224.248.1:9000/swiper/swiper1.jpg', 1514200128137875458, '2022-03-16 21:32:13', 'hyb', NULL, NULL);

-- ----------------------------
-- Table structure for wx_company_file
-- ----------------------------
DROP TABLE IF EXISTS `wx_company_file`;
CREATE TABLE `wx_company_file`  (
  `id` bigint(0) NOT NULL,
  `company_id` bigint(0) NULL DEFAULT NULL,
  `file_id` bigint(0) NULL DEFAULT NULL,
  `create_time` datetime(0) NULL DEFAULT NULL,
  `creator` varchar(50) CHARACTER SET utf8 COLLATE utf8_general_ci NULL DEFAULT NULL,
  `update_time` datetime(0) NULL DEFAULT NULL,
  `updator` varchar(50) CHARACTER SET utf8 COLLATE utf8_general_ci NULL DEFAULT NULL,
  PRIMARY KEY (`id`) USING BTREE
) ENGINE = InnoDB CHARACTER SET = utf8 COLLATE = utf8_general_ci ROW_FORMAT = Dynamic;

-- ----------------------------
-- Records of wx_company_file
-- ----------------------------
INSERT INTO `wx_company_file` VALUES (1530860328571789313, 1530860328370462721, 1530860313979805698, '2022-05-29 18:35:19', 'hyb', NULL, NULL);
INSERT INTO `wx_company_file` VALUES (1530866669398941698, 1530866669197615105, 1530866661798862849, '2022-05-29 19:00:31', 'hyb', NULL, NULL);
INSERT INTO `wx_company_file` VALUES (1534841128636006402, 1534841128183021569, 1534841091545776130, '2022-06-09 18:13:36', 'hyb', NULL, NULL);
INSERT INTO `wx_company_file` VALUES (1534841128636006403, 1534841128183021569, 1534841108977303554, '2022-06-09 18:13:36', 'hyb', NULL, NULL);

-- ----------------------------
-- Table structure for wx_custom
-- ----------------------------
DROP TABLE IF EXISTS `wx_custom`;
CREATE TABLE `wx_custom`  (
  `id` bigint(0) NOT NULL COMMENT '系统ID',
  `cus_name` varchar(50) CHARACTER SET utf8mb4 COLLATE utf8mb4_0900_ai_ci NULL DEFAULT NULL COMMENT '客户名称',
  `gender` int(0) NULL DEFAULT NULL COMMENT '性别',
  `telphone` varchar(11) CHARACTER SET utf8mb4 COLLATE utf8mb4_0900_ai_ci NULL DEFAULT NULL COMMENT '手机号',
  `del_flag` int(0) NULL DEFAULT NULL COMMENT '删除标识',
  `create_time` datetime(0) NULL DEFAULT NULL COMMENT '创建时间',
  `creator` varchar(50) CHARACTER SET utf8mb4 COLLATE utf8mb4_0900_ai_ci NULL DEFAULT NULL COMMENT '创建人',
  `update_time` datetime(0) NULL DEFAULT NULL COMMENT '修改时间',
  `updator` varchar(50) CHARACTER SET utf8mb4 COLLATE utf8mb4_0900_ai_ci NULL DEFAULT NULL COMMENT '修改人',
  PRIMARY KEY (`id`) USING BTREE
) ENGINE = InnoDB CHARACTER SET = utf8mb4 COLLATE = utf8mb4_0900_ai_ci ROW_FORMAT = Dynamic;

-- ----------------------------
-- Records of wx_custom
-- ----------------------------
INSERT INTO `wx_custom` VALUES (1519955913967028962, '赵凤', 1, '1789389219', 0, '2022-05-10 13:02:55', 'hyb', '2022-05-10 14:20:05', 'hyb');
INSERT INTO `wx_custom` VALUES (1523922743618310146, '张三', 0, '13456939300', 0, '2022-05-10 15:07:50', 'hyb', NULL, NULL);
INSERT INTO `wx_custom` VALUES (1523923094987739138, '胡ioo', 0, '13456780087', 0, '2022-05-10 15:09:14', 'hyb', NULL, NULL);
INSERT INTO `wx_custom` VALUES (1523960178259714049, '艾东', 0, '13948020840', 0, '2022-05-10 17:36:35', 'hyb', NULL, NULL);
INSERT INTO `wx_custom` VALUES (1523960352805675009, '刘旺', 0, '12394890390', 0, '2022-05-10 17:37:17', 'hyb', NULL, NULL);
INSERT INTO `wx_custom` VALUES (1523960439007010817, '艾斯', 0, '13489003280', 0, '2022-05-10 17:37:37', 'hyb', '2022-05-10 17:47:46', 'hyb');
INSERT INTO `wx_custom` VALUES (1523960679529373698, '王丽', 0, '1457803903', 0, '2022-05-10 17:38:34', 'hyb', NULL, NULL);
INSERT INTO `wx_custom` VALUES (1524643281798070274, '张韵', 1, '13456830023', 0, '2022-05-12 14:51:00', 'hyb', NULL, NULL);
INSERT INTO `wx_custom` VALUES (1524649262984622082, '刘能', 0, '13894040489', 0, '2022-05-12 15:14:46', 'hyb', NULL, NULL);
INSERT INTO `wx_custom` VALUES (1524660130682122242, '李四', 0, '13456794390', 0, '2022-05-12 15:57:57', 'hyb', NULL, NULL);
INSERT INTO `wx_custom` VALUES (1524661895964004354, '二蛋', 0, '13456321109', 0, '2022-05-12 16:04:58', 'hyb', NULL, NULL);
INSERT INTO `wx_custom` VALUES (1524662286772473858, '费拉', 1, '13456278921', 0, '2022-05-12 16:06:31', 'hyb', NULL, NULL);
INSERT INTO `wx_custom` VALUES (1524670315303669762, '艾东', 1, '13568829900', 0, '2022-05-12 16:38:25', 'hyb', NULL, NULL);
INSERT INTO `wx_custom` VALUES (1524672525177589762, '爱豆', 1, '13456783421', 0, '2022-05-12 16:47:12', 'hyb', NULL, NULL);
INSERT INTO `wx_custom` VALUES (1524792444091260929, '方世玉', 0, '13467893009', 0, '2022-05-13 00:43:43', 'hyb', NULL, NULL);
INSERT INTO `wx_custom` VALUES (1524797211844685826, '李天', 0, '13456289010', 0, '2022-05-13 01:02:39', 'hyb', NULL, NULL);

-- ----------------------------
-- Table structure for wx_navigation_img
-- ----------------------------
DROP TABLE IF EXISTS `wx_navigation_img`;
CREATE TABLE `wx_navigation_img`  (
  `id` bigint(0) NOT NULL,
  `img_name` varchar(50) CHARACTER SET utf8mb4 COLLATE utf8mb4_0900_ai_ci NULL DEFAULT NULL,
  `img_url` varchar(500) CHARACTER SET utf8mb4 COLLATE utf8mb4_0900_ai_ci NULL DEFAULT NULL,
  `navigator_url` varchar(500) CHARACTER SET utf8mb4 COLLATE utf8mb4_0900_ai_ci NULL DEFAULT NULL,
  `create_time` datetime(0) NULL DEFAULT NULL,
  `creator` varchar(50) CHARACTER SET utf8mb4 COLLATE utf8mb4_0900_ai_ci NULL DEFAULT NULL,
  `update_time` datetime(0) NULL DEFAULT NULL,
  `updator` varchar(50) CHARACTER SET utf8mb4 COLLATE utf8mb4_0900_ai_ci NULL DEFAULT NULL,
  PRIMARY KEY (`id`) USING BTREE
) ENGINE = InnoDB CHARACTER SET = utf8mb4 COLLATE = utf8mb4_0900_ai_ci ROW_FORMAT = Dynamic;

-- ----------------------------
-- Records of wx_navigation_img
-- ----------------------------
INSERT INTO `wx_navigation_img` VALUES (1, '推荐', 'http://139.224.248.1:9000/navigation/recommend.png', '/pages/recommend/recommend', '2022-03-12 00:53:32', 'hyb', NULL, NULL);
INSERT INTO `wx_navigation_img` VALUES (2, '收藏', 'http://139.224.248.1:9000/navigation/collection.png', '/pages/collection/collection', '2022-03-12 00:56:18', 'hyb', NULL, NULL);
INSERT INTO `wx_navigation_img` VALUES (3, '资讯', 'http://139.224.248.1:9000/navigation/news.png', '/pages/new/index', '2022-03-12 00:58:09', 'hyb', NULL, NULL);
INSERT INTO `wx_navigation_img` VALUES (4, '客服', 'http://139.224.248.1:9000/navigation/cust-service.png', '/pages/customer/customer', '2022-03-12 00:59:07', 'hyb', NULL, NULL);

-- ----------------------------
-- Table structure for wx_position
-- ----------------------------
DROP TABLE IF EXISTS `wx_position`;
CREATE TABLE `wx_position`  (
  `id` bigint(0) NOT NULL COMMENT '系统ID',
  `position_name` varchar(50) CHARACTER SET utf8mb4 COLLATE utf8mb4_0900_ai_ci NULL DEFAULT NULL COMMENT '职位名称',
  `position_code` varchar(50) CHARACTER SET utf8mb4 COLLATE utf8mb4_0900_ai_ci NULL DEFAULT NULL COMMENT '职位编码',
  `del_flag` int(0) NULL DEFAULT NULL COMMENT '删除标识',
  `create_time` datetime(0) NULL DEFAULT NULL COMMENT '创建时间',
  `creator` varchar(50) CHARACTER SET utf8mb4 COLLATE utf8mb4_0900_ai_ci NULL DEFAULT NULL COMMENT '创建人',
  `update_time` datetime(0) NULL DEFAULT NULL COMMENT '修改时间',
  `updator` varchar(50) CHARACTER SET utf8mb4 COLLATE utf8mb4_0900_ai_ci NULL DEFAULT NULL COMMENT '修改人',
  PRIMARY KEY (`id`) USING BTREE
) ENGINE = InnoDB CHARACTER SET = utf8mb4 COLLATE = utf8mb4_0900_ai_ci ROW_FORMAT = Dynamic;

-- ----------------------------
-- Records of wx_position
-- ----------------------------
INSERT INTO `wx_position` VALUES (1519955913967022082, 'IT搬砖', '4IEOO', 0, '2022-04-29 16:30:05', 'hyb', '2022-04-29 17:28:22', 'hyb');
INSERT INTO `wx_position` VALUES (1519956920507707394, '前端开发', 'ewe3', 0, '2022-04-29 16:30:09', 'hyb', NULL, NULL);
INSERT INTO `wx_position` VALUES (1519957329305534465, '功能测试员', 'EIOOE9D', 0, '2022-04-29 16:40:07', 'hyb', NULL, NULL);
INSERT INTO `wx_position` VALUES (1519959220668280834, 'Java开发', '89087E', 0, '2022-04-29 16:40:14', 'hyb', NULL, NULL);
INSERT INTO `wx_position` VALUES (1519967289607323649, '安卓开发', 'EFE32', 0, '2022-04-29 17:10:16', 'hyb', NULL, NULL);
INSERT INTO `wx_position` VALUES (1524624464132915202, '硬件工程师', '1904', 0, '2022-05-12 13:36:13', 'hyb', NULL, NULL);
INSERT INTO `wx_position` VALUES (1524648679284305922, '嵌入工程师', '1204', 0, '2022-05-12 15:12:26', 'hyb', NULL, NULL);
INSERT INTO `wx_position` VALUES (1524668385315655682, '运维工程师', '', 0, '2022-05-12 16:30:45', 'hyb', NULL, NULL);
INSERT INTO `wx_position` VALUES (1524794693890748417, 'UI设计工程师', '', 0, '2022-05-13 00:52:39', 'hyb', NULL, NULL);

-- ----------------------------
-- Table structure for wx_recomment
-- ----------------------------
DROP TABLE IF EXISTS `wx_recomment`;
CREATE TABLE `wx_recomment`  (
  `id` bigint(0) NOT NULL COMMENT '系统ID',
  `custom_name` varchar(50) CHARACTER SET utf8mb4 COLLATE utf8mb4_0900_ai_ci NULL DEFAULT NULL COMMENT '客户姓名',
  `custom_id` bigint(0) NULL DEFAULT NULL COMMENT '客户ID',
  `telephone` varchar(11) CHARACTER SET utf8mb4 COLLATE utf8mb4_0900_ai_ci NULL DEFAULT NULL COMMENT '手机号',
  `gender` int(0) NULL DEFAULT NULL COMMENT '性别 0：男 1：女',
  `intention_company` varchar(50) CHARACTER SET utf8mb4 COLLATE utf8mb4_0900_ai_ci NULL DEFAULT NULL COMMENT '意向公司',
  `company_id` bigint(0) NULL DEFAULT NULL COMMENT '公司ID',
  `position_id` bigint(0) NULL DEFAULT NULL COMMENT '岗位ID',
  `position` varchar(50) CHARACTER SET utf8mb4 COLLATE utf8mb4_0900_ai_ci NULL DEFAULT NULL COMMENT '面试岗位',
  `agree_interview_time` datetime(0) NULL DEFAULT NULL COMMENT '预约面试时间',
  `interview_time` datetime(0) NULL DEFAULT NULL COMMENT '面试时间',
  `induction_time` datetime(0) NULL DEFAULT NULL COMMENT '入职时间',
  `leave_office_time` datetime(0) NULL DEFAULT NULL COMMENT '离职时间',
  `status` int(0) NULL DEFAULT NULL COMMENT '客户状态 0：待面试 1：已面试 2：已入职 3：已离职',
  `recomment_name` varchar(50) CHARACTER SET utf8mb4 COLLATE utf8mb4_0900_ai_ci NULL DEFAULT NULL COMMENT '推荐人',
  `recomment_id` bigint(0) NULL DEFAULT NULL COMMENT '推荐人ID',
  `recruit_id` bigint(0) NULL DEFAULT NULL COMMENT '招聘ID',
  `remark` varchar(255) CHARACTER SET utf8mb4 COLLATE utf8mb4_0900_ai_ci NULL DEFAULT NULL COMMENT '备注',
  `create_time` datetime(0) NULL DEFAULT NULL COMMENT '创建时间',
  `creator` varchar(50) CHARACTER SET utf8mb4 COLLATE utf8mb4_0900_ai_ci NULL DEFAULT NULL COMMENT '创建人',
  `update_time` datetime(0) NULL DEFAULT NULL COMMENT '修改时间',
  `updator` varchar(50) CHARACTER SET utf8mb4 COLLATE utf8mb4_0900_ai_ci NULL DEFAULT NULL COMMENT '修改人',
  PRIMARY KEY (`id`) USING BTREE
) ENGINE = InnoDB CHARACTER SET = utf8mb4 COLLATE = utf8mb4_0900_ai_ci ROW_FORMAT = Dynamic;

-- ----------------------------
-- Records of wx_recomment
-- ----------------------------
INSERT INTO `wx_recomment` VALUES (1, '阿达', NULL, '13489932196', 1, '上海爱德华有限公司', 1514240749410156545, NULL, NULL, '2022-05-05 15:27:19', '2022-05-05 22:08:16', '2022-05-05 23:03:35', '2022-05-05 23:03:45', 3, 'hyb', 1, NULL, '会提前到', '2022-04-04 10:29:09', 'hyb', '2022-05-05 23:03:45', 'hyb');
INSERT INTO `wx_recomment` VALUES (2, '耳机', NULL, '13456789034', 1, '上海爱德华有限公司', 1514240749410156545, NULL, NULL, NULL, '2022-05-07 11:19:03', '2022-05-07 11:19:08', '2022-05-07 11:19:12', 3, 'dioe', 2, NULL, '会带简历', '2022-04-04 16:53:39', 'hyb', '2022-05-07 11:19:12', 'hyb');
INSERT INTO `wx_recomment` VALUES (3, '爱德华', NULL, '13476543289', 0, '上海爱支付科技有限公司', 1514244243521241089, NULL, NULL, NULL, '2022-04-04 16:54:07', '2022-05-05 14:57:00', '2022-05-05 18:26:03', 3, 'dioe', 2, NULL, '准时到达', '2022-04-04 16:54:33', 'hyb', '2022-05-05 18:26:03', 'hyb');
INSERT INTO `wx_recomment` VALUES (4, '奥图', NULL, '13456832909', 1, '重庆蚂蚁金上海奥里给科技有限公司控股有限公司', 1514271217870319617, NULL, NULL, NULL, '2022-04-13 19:19:48', '2022-05-05 14:57:07', '2022-05-05 14:57:17', 0, 'hyb', 1, NULL, 'dd', '2022-04-04 19:20:09', 'hyb', NULL, NULL);
INSERT INTO `wx_recomment` VALUES (1524643281819041793, '张韵', 1524643281798070274, '13456830023', 1, '上海爱美科技有限公司', 1515591761785937921, NULL, NULL, '2022-05-12 06:47:07', '2022-05-12 15:06:53', NULL, NULL, 1, '爱德华', 1518859597216116737, NULL, '会提前到', '2022-05-12 14:51:00', 'hyb', '2022-05-12 15:06:53', 'hyb');
INSERT INTO `wx_recomment` VALUES (1524649263051730946, '刘能', 1524649262984622082, '13894040489', 0, '上海爱动力科技有限公司', 1524624353814331393, NULL, NULL, '2022-05-12 07:14:37', '2022-05-12 15:14:55', NULL, NULL, 1, '韩银波', 1518858277499334657, NULL, '金额哦', '2022-05-12 15:14:46', 'hyb', '2022-05-12 15:14:55', 'hyb');
INSERT INTO `wx_recomment` VALUES (1524660130745036802, '李四', 1524660130682122242, '13456794390', 0, '上海快鱼有限公司', 1514244243521241089, NULL, NULL, '2022-05-12 07:57:47', '2022-05-12 15:58:25', NULL, NULL, 1, '韩银波', 1518858277499334657, NULL, '1.测试', '2022-05-12 15:57:57', 'hyb', '2022-05-12 15:58:25', 'hyb');
INSERT INTO `wx_recomment` VALUES (1524661896035307522, '二蛋', 1524661895964004354, '13456321109', 0, '上海忒哦娥有限公司', 1515598015375761409, NULL, NULL, '2022-05-12 08:04:48', '2022-05-12 16:10:04', NULL, NULL, 1, '韩银波', 1518858277499334657, NULL, '1', '2022-05-12 16:04:58', 'hyb', '2022-05-12 16:22:55', 'hyb');
INSERT INTO `wx_recomment` VALUES (1524662286839582722, '费拉', 1524662286772473858, '13456278921', 1, '上海忒哦有限公司', 1515597862141059073, NULL, NULL, '2022-05-12 08:05:44', '2022-05-12 16:06:51', NULL, NULL, 1, '爱德华', 1518859597216116737, NULL, '1.二分', '2022-05-12 16:06:31', 'hyb', '2022-05-12 16:06:51', 'hyb');
INSERT INTO `wx_recomment` VALUES (1524670315303669763, '艾东', 1524670315303669762, '13568829900', 1, '上海唯一有限公司', 1524666822463459329, NULL, NULL, '2022-05-12 08:38:18', '2022-05-12 16:39:51', NULL, NULL, 1, '韩银波', 1518858277499334657, NULL, '1', '2022-05-12 16:38:25', 'hyb', '2022-05-12 16:39:51', 'hyb');
INSERT INTO `wx_recomment` VALUES (1524672525177589763, '爱豆', 1524672525177589762, '13456783421', 1, '上海唯一有限公司', 1524666822463459329, NULL, NULL, '2022-05-12 08:47:07', '2022-05-12 16:51:24', NULL, NULL, 1, '韩银波', 1518858277499334657, NULL, NULL, '2022-05-12 16:47:12', 'hyb', '2022-05-12 16:52:26', 'hyb');
INSERT INTO `wx_recomment` VALUES (1524792444154175489, '方世玉', 1524792444091260929, '13467893009', 0, '上海唯一有限公司', 1524666822463459329, 1524658005432479745, '前端开发', '2022-05-12 16:43:34', '2022-05-13 00:47:58', NULL, NULL, 1, '韩银波', 1518858277499334657, 1524658005394731010, '43', '2022-05-13 00:43:43', 'hyb', '2022-05-13 00:47:58', 'hyb');
INSERT INTO `wx_recomment` VALUES (1524797211844685827, '李天', 1524797211844685826, '13456289010', 0, '上海五朵科技有限公司', 1524794284526678018, 1524795172477612033, 'UI设计工程师', '2022-05-12 17:02:30', '2022-05-13 01:07:52', NULL, NULL, 1, '韩银波', 1518858277499334657, 1524795172414697474, '123', '2022-05-13 01:02:39', 'hyb', '2022-05-13 01:10:14', 'hyb');

-- ----------------------------
-- Table structure for wx_recruit_info
-- ----------------------------
DROP TABLE IF EXISTS `wx_recruit_info`;
CREATE TABLE `wx_recruit_info`  (
  `id` bigint(0) NOT NULL COMMENT '系统ID',
  `company_name` varchar(50) CHARACTER SET utf8mb4 COLLATE utf8mb4_0900_ai_ci NULL DEFAULT NULL COMMENT '公司名称',
  `company_id` bigint(0) NULL DEFAULT NULL COMMENT '公司ID',
  `interview_address` varchar(255) CHARACTER SET utf8mb4 COLLATE utf8mb4_0900_ai_ci NULL DEFAULT NULL COMMENT '面试地址',
  `position` varchar(200) CHARACTER SET utf8mb4 COLLATE utf8mb4_0900_ai_ci NULL DEFAULT NULL COMMENT '招聘岗位',
  `money` int(0) NULL DEFAULT NULL COMMENT '佣金',
  `number` int(0) NULL DEFAULT NULL COMMENT '招聘人数',
  `welfare` varchar(500) CHARACTER SET utf8mb4 COLLATE utf8mb4_0900_ai_ci NULL DEFAULT NULL COMMENT '福利待遇',
  `job_require` varchar(500) CHARACTER SET utf8mb4 COLLATE utf8mb4_0900_ai_ci NULL DEFAULT NULL COMMENT '招聘要求',
  `type` varchar(255) CHARACTER SET utf8mb4 COLLATE utf8mb4_0900_ai_ci NULL DEFAULT NULL COMMENT '企业类别',
  `company_img_url` varchar(500) CHARACTER SET utf8mb4 COLLATE utf8mb4_0900_ai_ci NULL DEFAULT NULL COMMENT '公司图片URL',
  `create_time` datetime(0) NULL DEFAULT NULL COMMENT '创建时间',
  `creator` varchar(50) CHARACTER SET utf8mb4 COLLATE utf8mb4_0900_ai_ci NULL DEFAULT NULL COMMENT '创建人',
  `update_time` datetime(0) NULL DEFAULT NULL COMMENT '修改时间',
  `updator` varchar(50) CHARACTER SET utf8mb4 COLLATE utf8mb4_0900_ai_ci NULL DEFAULT NULL COMMENT '修改人',
  PRIMARY KEY (`id`) USING BTREE
) ENGINE = InnoDB CHARACTER SET = utf8mb4 COLLATE = utf8mb4_0900_ai_ci ROW_FORMAT = Dynamic;

-- ----------------------------
-- Records of wx_recruit_info
-- ----------------------------
INSERT INTO `wx_recruit_info` VALUES (1521145826867597313, '上海伊泰特伦有限公司', 1514200128137875458, '上海闵行区', 'Java开发', 900, 9, '1.测试1\n2.测试2\n3.测试3\n', '1.测试11\n2.测试22\n3.测试33', NULL, NULL, '2022-05-02 23:13:21', 'hyb', NULL, NULL);
INSERT INTO `wx_recruit_info` VALUES (1521146317278203905, '上海爱德华有限公司', 1514240749410156545, '上海奉贤区', '功能测试员', 50, 2, '1.测试1\n2.测试2\n3.测试3', '1.测试11\n2.测试22\n3.测试33', NULL, NULL, '2022-05-02 23:15:18', 'hyb', NULL, NULL);
INSERT INTO `wx_recruit_info` VALUES (1521146911313285121, '上海奥里给科技有限公司', 1514271217870319617, '上海闵行区', '功能测试员', 90, 435, '1.测试1\n2.测试2\n3.测试3', '1.测试11\n2.测试22\n3.测试33', NULL, NULL, '2022-05-02 23:17:40', 'hyb', NULL, NULL);
INSERT INTO `wx_recruit_info` VALUES (1521156348551757825, '上海快鱼有限公司', 1514200128137875458, '上海闵行区30', 'Java开发', 900, 4, '1.测试1\n2.测试2\n', '1.测试11\n2.测试22\n', NULL, NULL, '2022-05-02 23:55:10', 'hyb', '2022-05-03 22:13:25', 'hyb');
INSERT INTO `wx_recruit_info` VALUES (1521341788064030722, '上海爱支付科技有限公司', 1514264195569430530, '上海闵行', 'Java开发', 9000, 9, '1.1\n\n2.2', '1.1\n\n2.2', NULL, NULL, '2022-05-03 12:12:02', 'hyb', '2022-05-03 22:53:52', 'hyb');
INSERT INTO `wx_recruit_info` VALUES (1524625045174042625, '上海爱动力科技有限公司', 1524624353814331393, '上海市闵行区吴泾镇390弄', 'IT搬砖', 900, 2, '1.双休，八小时制\n2.年终双薪\n3.不加班', '1.工作经验三年以上\n2.热爱互联网', NULL, NULL, '2022-05-12 13:38:32', 'hyb', NULL, NULL);
INSERT INTO `wx_recruit_info` VALUES (1524648983321014274, '上海爱动力科技有限公司', 1524624353814331393, '上海市闵行区吴江路', '硬件工程师', 40, 20, '1.双休\n2.年终双薪', '1.28岁以上\n', NULL, NULL, '2022-05-12 15:13:39', 'hyb', NULL, NULL);
INSERT INTO `wx_recruit_info` VALUES (1524658005394731010, '上海伊泰特伦有限公司', 1514200128137875458, '上海市闵行区吴泾镇', '功能测试员', 320, 3, '1.双休', '1、22岁以上', NULL, NULL, '2022-05-12 15:49:30', 'hyb', NULL, NULL);
INSERT INTO `wx_recruit_info` VALUES (1524661700882731009, '上海忒哦有限公司', 1515597862141059073, '上海市闵行区', 'null/功能测试员', 89, 7, '1.双休', '1.27岁以上', NULL, NULL, '2022-05-12 16:04:11', 'hyb', NULL, NULL);
INSERT INTO `wx_recruit_info` VALUES (1524668774295408642, '上海唯一有限公司', 1524666822463459329, '上海市闵行区', 'null/运维工程师', 100, 2, '1.1\n2.1\n3.1', '1.1\n1.2', NULL, NULL, '2022-05-12 16:32:17', 'hyb', NULL, NULL);
INSERT INTO `wx_recruit_info` VALUES (1524671032231858178, '上海唯一有限公司', 1524666822463459329, '上海市闵行区', 'null/硬件工程师', 89, 9, '1.1\n', '1.2', NULL, NULL, '2022-05-12 16:41:16', 'hyb', NULL, NULL);
INSERT INTO `wx_recruit_info` VALUES (1524795172414697474, '上海五朵科技有限公司', 1524794284526678018, '上海市闵行区吴泾镇', 'UI设计工程师', 100, 1, '1.1\n2.1\n2.2', '1.1\n1.2', NULL, NULL, '2022-05-13 00:54:33', 'hyb', NULL, NULL);
INSERT INTO `wx_recruit_info` VALUES (1525383805588897793, '上海伊泰特伦有限公司', 1514200128137875458, '22', '前端开发', 12, 1, '1', '15', NULL, NULL, '2022-05-14 15:53:34', 'hyb', NULL, NULL);

-- ----------------------------
-- Table structure for wx_recruit_position
-- ----------------------------
DROP TABLE IF EXISTS `wx_recruit_position`;
CREATE TABLE `wx_recruit_position`  (
  `id` bigint(0) NOT NULL,
  `position_name` varchar(50) CHARACTER SET utf8mb4 COLLATE utf8mb4_0900_ai_ci NULL DEFAULT NULL,
  `remark` varchar(255) CHARACTER SET utf8mb4 COLLATE utf8mb4_0900_ai_ci NULL DEFAULT NULL,
  `recruit_id` bigint(0) NULL DEFAULT NULL,
  `company_id` bigint(0) NULL DEFAULT NULL,
  `create_time` datetime(0) NULL DEFAULT NULL,
  `creator` varchar(50) CHARACTER SET utf8mb4 COLLATE utf8mb4_0900_ai_ci NULL DEFAULT NULL,
  `update_time` datetime(0) NULL DEFAULT NULL,
  `updator` varchar(255) CHARACTER SET utf8mb4 COLLATE utf8mb4_0900_ai_ci NULL DEFAULT NULL,
  PRIMARY KEY (`id`) USING BTREE
) ENGINE = InnoDB CHARACTER SET = utf8mb4 COLLATE = utf8mb4_0900_ai_ci ROW_FORMAT = Dynamic;

-- ----------------------------
-- Records of wx_recruit_position
-- ----------------------------
INSERT INTO `wx_recruit_position` VALUES (1521493129365164035, 'Java开发', NULL, 1521156348551757825, 1515597862141059073, '2022-05-03 22:13:25', 'hyb', NULL, NULL);
INSERT INTO `wx_recruit_position` VALUES (1521503311109541890, '功能测试员', NULL, 1521341788064030722, 1515597862141059073, '2022-05-03 22:53:52', 'hyb', NULL, NULL);
INSERT INTO `wx_recruit_position` VALUES (1521503311109541891, 'Java开发', NULL, 1521341788064030722, 1514240749410156545, '2022-05-03 22:53:52', 'hyb', NULL, NULL);
INSERT INTO `wx_recruit_position` VALUES (1524625045236957186, 'IT搬砖', NULL, 1524625045174042625, 1514240749410156545, '2022-05-12 13:38:32', 'hyb', NULL, NULL);
INSERT INTO `wx_recruit_position` VALUES (1524625045236957187, '硬件工程师', NULL, 1524625045174042625, 1514200128137875458, '2022-05-12 13:38:32', 'hyb', NULL, NULL);
INSERT INTO `wx_recruit_position` VALUES (1524648983383928834, '硬件工程师', NULL, 1524648983321014274, 1514200128137875458, '2022-05-12 15:13:39', 'hyb', NULL, NULL);
INSERT INTO `wx_recruit_position` VALUES (1524648983383928835, '嵌入工程师', NULL, 1524648983321014274, 1524666822463459329, '2022-05-12 15:13:39', 'hyb', NULL, NULL);
INSERT INTO `wx_recruit_position` VALUES (1524658005432479745, '前端开发', NULL, 1524658005394731010, 1524666822463459329, '2022-05-12 15:49:30', 'hyb', NULL, NULL);
INSERT INTO `wx_recruit_position` VALUES (1524658005432479746, '功能测试员', NULL, 1524658005394731010, 1524666822463459329, '2022-05-12 15:49:30', 'hyb', NULL, NULL);
INSERT INTO `wx_recruit_position` VALUES (1524661701138583554, '功能测试员', NULL, 1524661700882731009, 1514200128137875458, '2022-05-12 16:04:11', 'hyb', NULL, NULL);
INSERT INTO `wx_recruit_position` VALUES (1524668774358323202, '运维工程师', NULL, 1524668774295408642, 1514200128137875458, '2022-05-12 16:32:17', 'hyb', NULL, NULL);
INSERT INTO `wx_recruit_position` VALUES (1524671032298967042, '硬件工程师', NULL, 1524671032231858178, 1514200128137875458, '2022-05-12 16:41:16', 'hyb', NULL, NULL);
INSERT INTO `wx_recruit_position` VALUES (1524795172477612033, 'UI设计工程师', NULL, 1524795172414697474, 1524794284526678018, '2022-05-13 00:54:33', 'hyb', NULL, NULL);
INSERT INTO `wx_recruit_position` VALUES (1525383805647618049, '前端开发', NULL, 1525383805588897793, 1514200128137875458, '2022-05-14 15:53:34', 'hyb', NULL, NULL);

-- ----------------------------
-- Table structure for wx_swiper_img
-- ----------------------------
DROP TABLE IF EXISTS `wx_swiper_img`;
CREATE TABLE `wx_swiper_img`  (
  `id` bigint(0) NOT NULL COMMENT '系统ID',
  `img_name` varchar(50) CHARACTER SET utf8 COLLATE utf8_general_ci NULL DEFAULT NULL COMMENT '图片名称',
  `img_url` varchar(500) CHARACTER SET utf8 COLLATE utf8_general_ci NULL DEFAULT NULL COMMENT '图片地址',
  `navigator_url` varchar(255) CHARACTER SET utf8 COLLATE utf8_general_ci NULL DEFAULT NULL COMMENT '图片跳转地址',
  `navigator_name` varchar(50) CHARACTER SET utf8 COLLATE utf8_general_ci NULL DEFAULT NULL COMMENT '导航名称',
  `img_type` varchar(2) CHARACTER SET utf8 COLLATE utf8_general_ci NULL DEFAULT NULL COMMENT '图片类型 0：轮播图 1：导航栏 ',
  `sort` int(0) NULL DEFAULT NULL COMMENT '排序',
  `create_time` datetime(0) NULL DEFAULT NULL COMMENT '创建时间',
  `creator` varchar(50) CHARACTER SET utf8 COLLATE utf8_general_ci NULL DEFAULT NULL COMMENT '创建人',
  `update_time` datetime(0) NULL DEFAULT NULL COMMENT '修改时间',
  `updator` varchar(50) CHARACTER SET utf8 COLLATE utf8_general_ci NULL DEFAULT NULL COMMENT '修改人',
  PRIMARY KEY (`id`) USING BTREE
) ENGINE = InnoDB CHARACTER SET = utf8 COLLATE = utf8_general_ci ROW_FORMAT = Dynamic;

-- ----------------------------
-- Records of wx_swiper_img
-- ----------------------------
INSERT INTO `wx_swiper_img` VALUES (1527940313296027649, 'swiper1.png', 'http://139.224.248.1:9000/swiper/swiper1.png?X-Amz-Algorithm=AWS4-HMAC-SHA256&X-Amz-Credential=minioadmin%2F20220521%2Fus-east-1%2Fs3%2Faws4_request&X-Amz-Date=20220521T091213Z&X-Amz-Expires=604800&X-Amz-SignedHeaders=host&X-Amz-Signature=21af5fb4b85e3f5068ddb428ac760fbd40ff67c9792f63ca6108b7fba664a0c7', NULL, NULL, '0', NULL, '2022-05-21 17:12:13', 'hyb', NULL, NULL);
INSERT INTO `wx_swiper_img` VALUES (1527940579504308226, 'swiper2.jpeg', 'http://139.224.248.1:9000/swiper/swiper2.jpeg?X-Amz-Algorithm=AWS4-HMAC-SHA256&X-Amz-Credential=minioadmin%2F20220521%2Fus-east-1%2Fs3%2Faws4_request&X-Amz-Date=20220521T091316Z&X-Amz-Expires=604800&X-Amz-SignedHeaders=host&X-Amz-Signature=e9873b9c3ea0dc79f77bc31a6b8837390afb23ed46851d74392af5130ec978fe', NULL, NULL, '0', NULL, '2022-05-21 17:13:17', 'hyb', NULL, NULL);
INSERT INTO `wx_swiper_img` VALUES (1527940608327565313, 'swiper3.jpeg', 'http://139.224.248.1:9000/swiper/swiper3.jpeg?X-Amz-Algorithm=AWS4-HMAC-SHA256&X-Amz-Credential=minioadmin%2F20220521%2Fus-east-1%2Fs3%2Faws4_request&X-Amz-Date=20220521T091323Z&X-Amz-Expires=604800&X-Amz-SignedHeaders=host&X-Amz-Signature=5987a34b21afad41c22774d8be6d5842dabf26b268c19f8b2100e7066b174a4d', NULL, NULL, '0', NULL, '2022-05-21 17:13:23', 'hyb', NULL, NULL);
INSERT INTO `wx_swiper_img` VALUES (1530110921853280258, 'collection.png', 'http://139.224.248.1:9000/nav/collection.png?X-Amz-Algorithm=AWS4-HMAC-SHA256&X-Amz-Credential=minioadmin%2F20220527%2Fus-east-1%2Fs3%2Faws4_request&X-Amz-Date=20220527T085726Z&X-Amz-Expires=604800&X-Amz-SignedHeaders=host&X-Amz-Signature=4439678c4523a0c7675b6228028b7e268d89223e94f85132d31fd17f65e0be49', NULL, '收藏', '1', 2, '2022-05-27 16:57:27', 'hyb', '2022-05-27 17:40:43', 'hyb');
INSERT INTO `wx_swiper_img` VALUES (1530110980858748930, 'custom.png', 'http://139.224.248.1:9000/nav/custom.png?X-Amz-Algorithm=AWS4-HMAC-SHA256&X-Amz-Credential=minioadmin%2F20220527%2Fus-east-1%2Fs3%2Faws4_request&X-Amz-Date=20220527T085740Z&X-Amz-Expires=604800&X-Amz-SignedHeaders=host&X-Amz-Signature=328fd0b419af56bc5fb805df119e2fce5fb92e97bc89d177e149199a08e0659b', NULL, '客服', '1', 3, '2022-05-27 16:57:41', 'hyb', '2022-05-27 17:50:31', 'hyb');
INSERT INTO `wx_swiper_img` VALUES (1530111027285499906, 'recommon.png', 'http://139.224.248.1:9000/nav/recommon.png?X-Amz-Algorithm=AWS4-HMAC-SHA256&X-Amz-Credential=minioadmin%2F20220527%2Fus-east-1%2Fs3%2Faws4_request&X-Amz-Date=20220527T085751Z&X-Amz-Expires=604800&X-Amz-SignedHeaders=host&X-Amz-Signature=d1602afcb91f3204b9346c29200ddda92d1b16221a050da5cebd5a9e27c1794f', NULL, '推荐', '1', 1, '2022-05-27 16:57:52', 'hyb', '2022-05-27 17:51:02', 'hyb');
INSERT INTO `wx_swiper_img` VALUES (1530111931032182786, 'news.png', 'http://139.224.248.1:9000/nav/news.png?X-Amz-Algorithm=AWS4-HMAC-SHA256&X-Amz-Credential=minioadmin%2F20220527%2Fus-east-1%2Fs3%2Faws4_request&X-Amz-Date=20220527T090127Z&X-Amz-Expires=604800&X-Amz-SignedHeaders=host&X-Amz-Signature=bc47e0019827047bba0d1e6bf2611058f72588787531f68f7acc4c2e25530672', NULL, '资讯', '1', 4, '2022-05-27 17:01:27', 'hyb', '2022-05-27 17:51:12', 'hyb');
INSERT INTO `wx_swiper_img` VALUES (1530578542092492801, 'custom.png', 'http://139.224.248.1:9000/company/custom.png?X-Amz-Algorithm=AWS4-HMAC-SHA256&X-Amz-Credential=minioadmin%2F20220528%2Fus-east-1%2Fs3%2Faws4_request&X-Amz-Date=20220528T155535Z&X-Amz-Expires=604800&X-Amz-SignedHeaders=host&X-Amz-Signature=2ccd2d67232eb36f866d2413a7e2a5dcc188cd904ede422e1ceb86e46ac9713c', NULL, NULL, '3', 1, '2022-05-28 23:55:36', 'hyb', NULL, NULL);

-- ----------------------------
-- Table structure for wx_user
-- ----------------------------
DROP TABLE IF EXISTS `wx_user`;
CREATE TABLE `wx_user`  (
  `id` bigint(0) NOT NULL COMMENT '系统ID',
  `nick_name` varchar(50) CHARACTER SET utf8mb4 COLLATE utf8mb4_0900_ai_ci NULL DEFAULT NULL COMMENT '昵称',
  `age` int(0) NULL DEFAULT NULL COMMENT '年龄',
  `gender` int(0) NULL DEFAULT NULL COMMENT '性别',
  `language` varchar(50) CHARACTER SET utf8mb4 COLLATE utf8mb4_0900_ai_ci NULL DEFAULT NULL COMMENT '语言',
  `city` varchar(50) CHARACTER SET utf8mb4 COLLATE utf8mb4_0900_ai_ci NULL DEFAULT NULL COMMENT '城市',
  `province` varchar(50) CHARACTER SET utf8mb4 COLLATE utf8mb4_0900_ai_ci NULL DEFAULT NULL COMMENT '省份',
  `country` varchar(50) CHARACTER SET utf8mb4 COLLATE utf8mb4_0900_ai_ci NULL DEFAULT NULL COMMENT '国家',
  `phone` varchar(20) CHARACTER SET utf8mb4 COLLATE utf8mb4_0900_ai_ci NULL DEFAULT NULL COMMENT '手机号',
  `address` varchar(255) CHARACTER SET utf8mb4 COLLATE utf8mb4_0900_ai_ci NULL DEFAULT NULL COMMENT '地址',
  `avatar_url` varchar(255) CHARACTER SET utf8mb4 COLLATE utf8mb4_0900_ai_ci NULL DEFAULT NULL COMMENT '头像',
  `active_code` varchar(10) CHARACTER SET utf8mb4 COLLATE utf8mb4_0900_ai_ci NULL DEFAULT NULL COMMENT '激活码',
  `identity` int(0) NULL DEFAULT NULL COMMENT '身份 0：游客 1：侍卫',
  `del_flag` int(0) NULL DEFAULT NULL COMMENT '删除标志',
  `create_time` datetime(0) NULL DEFAULT NULL COMMENT '创建时间',
  `creator` varchar(50) CHARACTER SET utf8mb4 COLLATE utf8mb4_0900_ai_ci NULL DEFAULT NULL COMMENT '创建人',
  `update_time` datetime(0) NULL DEFAULT NULL COMMENT '修改时间',
  `updator` varchar(50) CHARACTER SET utf8mb4 COLLATE utf8mb4_0900_ai_ci NULL DEFAULT NULL COMMENT '修改人',
  PRIMARY KEY (`id`) USING BTREE
) ENGINE = InnoDB CHARACTER SET = utf8mb4 COLLATE = utf8mb4_0900_ai_ci ROW_FORMAT = Dynamic;

-- ----------------------------
-- Records of wx_user
-- ----------------------------
INSERT INTO `wx_user` VALUES (1, 'hyb', 22, 0, 'zh_CN', '上饶', '江西', '中国', '13498687995', '江西省上饶市万年县石镇镇', 'https://thirdwx.qlogo.cn/mmopen/vi_32/Q0j4TwGTfTJvtOnIichicsXBmdPHmKqLbZz93eLFPzd2vqGftH4BU03adEiacsUdxrb7C6h2lGj3MK7aBwNZAPOnA/132', '9UEE', 1, 0, '2022-04-02 17:30:54', 'hyb', '2022-04-23 18:52:39', 'hyb');
INSERT INTO `wx_user` VALUES (2, 'dioe', 23, 1, 'zh_CN', '南昌', '江西', '中国', '1359844857', '江西省南昌市西湖区', 'https://thirdwx.qlogo.cn/mmopen/vi_32/Q0j4TwGTfTJvtOnIichicsXBmdPHmKqLbZz93eLFPzd2vqGftH4BU03adEiacsUdxrb7C6h2lGj3MK7aBwNZAPOnA/132', 'IU90', 0, 0, '2022-04-02 19:35:39', 'hyb', NULL, NULL);
INSERT INTO `wx_user` VALUES (1518857570494869505, 'hanieo', 23, 0, NULL, '', NULL, NULL, '13456789533', '', NULL, 'ET34', 1, 0, '2022-04-26 15:40:38', 'hyb', NULL, NULL);
INSERT INTO `wx_user` VALUES (1518858277499334657, '韩银波', 24, 0, NULL, '', NULL, NULL, '13456789088', '江西省上饶市', NULL, '4049E', 1, 0, '2022-04-26 15:43:27', 'hyb', NULL, NULL);
INSERT INTO `wx_user` VALUES (1518859597216116737, '爱德华', 13, 1, NULL, '', NULL, NULL, '13467899787', '江西省上饶市', NULL, 'IOEN', 1, 0, '2022-04-26 15:48:42', 'hyb', NULL, NULL);

SET FOREIGN_KEY_CHECKS = 1;
